Invoice Number,Invoice Date,Amount,Paid On
1161626,8/31/2023 0:00,104.98,8/31/2023 21:41
1158171,8/31/2023 0:00,3,8/31/2023 0:01
1158287,8/31/2023 0:00,6.99,8/31/2023 0:01
1158348,8/31/2023 0:00,6.99,8/31/2023 0:01
1158351,8/31/2023 0:00,6.99,8/31/2023 0:01
1158457,8/31/2023 0:00,6.99,8/31/2023 0:01
1158461,8/31/2023 0:00,6.99,8/31/2023 0:01
1158460,8/31/2023 0:00,6.99,8/31/2023 0:01
1158514,8/31/2023 0:00,6.99,8/31/2023 0:01
1158533,8/31/2023 0:00,6.99,8/31/2023 0:01
1158541,8/31/2023 0:00,6.99,8/31/2023 0:01
1158640,8/31/2023 0:00,6.99,8/31/2023 0:01
1158733,8/31/2023 0:00,6.99,8/31/2023 0:01
1158751,8/31/2023 0:00,6.99,8/31/2023 0:01
1158768,8/31/2023 0:00,6.99,8/31/2023 0:01
1158789,8/31/2023 0:00,6.99,8/31/2023 0:01
1158871,8/31/2023 0:00,6.99,8/31/2023 0:01
1158891,8/31/2023 0:00,6.99,8/31/2023 0:01
1158892,8/31/2023 0:00,6.99,8/31/2023 0:01
1158910,8/31/2023 0:00,6.99,8/31/2023 0:01
1159007,8/31/2023 0:00,6.99,8/31/2023 0:02
1159082,8/31/2023 0:00,6.99,8/31/2023 0:02
1159126,8/31/2023 0:00,6.99,8/31/2023 0:02
1159135,8/31/2023 0:00,6.99,8/31/2023 0:02
1159192,8/31/2023 0:00,6.99,8/31/2023 0:02
1159190,8/31/2023 0:00,6.99,8/31/2023 0:02
1159227,8/31/2023 0:00,6.99,8/31/2023 0:02
1159268,8/31/2023 0:00,6.99,8/31/2023 0:02
1159334,8/31/2023 0:00,6.99,8/31/2023 0:02
1159352,8/31/2023 0:00,6.99,8/31/2023 0:02
1159363,8/31/2023 0:00,6.99,8/31/2023 0:02
1159362,8/31/2023 0:00,6.99,8/31/2023 0:02
1159364,8/31/2023 0:00,6.99,8/31/2023 0:02
1159397,8/31/2023 0:00,6.99,8/31/2023 0:02
1159406,8/31/2023 0:00,6.99,8/31/2023 0:02
1159423,8/31/2023 0:00,6.99,8/31/2023 0:02
1159431,8/31/2023 0:00,6.99,8/31/2023 0:02
1159456,8/31/2023 0:00,6.99,8/31/2023 0:02
1159500,8/31/2023 0:00,6.99,8/31/2023 0:02
1159583,8/31/2023 0:00,6.99,8/31/2023 0:02
1159618,8/31/2023 0:00,6.99,8/31/2023 0:02
1159644,8/31/2023 0:00,6.99,8/31/2023 0:02
1159683,8/31/2023 0:00,6.99,8/31/2023 0:02
1159693,8/31/2023 0:00,6.99,8/31/2023 0:02
1159682,8/31/2023 0:00,6.99,8/31/2023 0:02
1159768,8/31/2023 0:00,6.99,8/31/2023 0:02
1159848,8/31/2023 0:00,6.99,8/31/2023 0:02
1160012,8/31/2023 0:00,6.99,8/31/2023 0:03
1160006,8/31/2023 0:00,6.99,8/31/2023 0:03
1160015,8/31/2023 0:00,6.99,8/31/2023 0:03
1160069,8/31/2023 0:00,6.99,8/31/2023 0:03
1160102,8/31/2023 0:00,6.99,8/31/2023 0:03
1160214,8/31/2023 0:00,6.99,8/31/2023 0:03
1160224,8/31/2023 0:00,6.99,8/31/2023 0:03
1160270,8/31/2023 0:00,6.99,8/31/2023 0:03
1160246,8/31/2023 0:00,6.99,8/31/2023 0:03
1160267,8/31/2023 0:00,6.99,8/31/2023 0:03
1160275,8/31/2023 0:00,6.99,8/31/2023 0:03
1160315,8/31/2023 0:00,6.99,8/31/2023 0:03
1160333,8/31/2023 0:00,6.99,8/31/2023 0:03
1160386,8/31/2023 0:00,6.99,8/31/2023 0:03
1160415,8/31/2023 0:00,6.99,8/31/2023 0:03
1160489,8/31/2023 0:00,6.99,8/31/2023 0:03
1160490,8/31/2023 0:00,6.99,8/31/2023 0:03
1160493,8/31/2023 0:00,6.99,8/31/2023 0:03
1160521,8/31/2023 0:00,6.99,8/31/2023 0:03
1160541,8/31/2023 0:00,6.99,8/31/2023 0:03
1160514,8/31/2023 0:00,6.99,8/31/2023 0:03
1160581,8/31/2023 0:00,6.99,8/31/2023 0:03
1160595,8/31/2023 0:00,6.99,8/31/2023 0:03
1160623,8/31/2023 0:00,6.99,8/31/2023 0:04
1160635,8/31/2023 0:00,6.99,8/31/2023 0:04
1160643,8/31/2023 0:00,6.99,8/31/2023 0:04
1160685,8/31/2023 0:00,6.99,8/31/2023 0:04
1160682,8/31/2023 0:00,6.99,8/31/2023 0:04
1160700,8/31/2023 0:00,6.99,8/31/2023 0:04
1160739,8/31/2023 0:00,6.99,8/31/2023 0:04
1160761,8/31/2023 0:00,6.99,8/31/2023 0:04
1160778,8/31/2023 0:00,6.99,8/31/2023 0:04
1160801,8/31/2023 0:00,6.99,8/31/2023 0:04
1160812,8/31/2023 0:00,6.99,8/31/2023 0:04
1160843,8/31/2023 0:00,6.99,8/31/2023 0:04
1160854,8/31/2023 0:00,6.99,8/31/2023 0:04
1160887,8/31/2023 0:00,6.99,8/31/2023 0:04
1160877,8/31/2023 0:00,6.99,8/31/2023 0:04
1160903,8/31/2023 0:00,6.99,8/31/2023 0:04
1160912,8/31/2023 0:00,6.99,8/31/2023 0:04
1160954,8/31/2023 0:00,6.99,8/31/2023 0:04
1160961,8/31/2023 0:00,6.99,8/31/2023 0:04
1161006,8/31/2023 0:00,6.99,8/31/2023 0:04
1161008,8/31/2023 0:00,6.99,8/31/2023 0:04
1161024,8/31/2023 0:00,6.99,8/31/2023 0:04
1161064,8/31/2023 0:00,6.99,8/31/2023 0:04
1161063,8/31/2023 0:00,6.99,8/31/2023 0:04
1161087,8/31/2023 0:00,6.99,8/31/2023 0:04
1161114,8/31/2023 0:00,6.99,8/31/2023 0:04
1161115,8/31/2023 0:00,6.99,8/31/2023 0:04
1161139,8/31/2023 0:00,6.99,8/31/2023 0:04
1161153,8/31/2023 0:00,6.99,8/31/2023 0:04
1161193,8/31/2023 0:00,6.99,8/31/2023 0:04
1161299,8/31/2023 0:00,6.99,8/31/2023 0:04
1161300,8/31/2023 0:00,6.99,8/31/2023 0:04
1161310,8/31/2023 0:00,6.99,8/31/2023 0:04
1161339,8/31/2023 0:00,6.99,8/31/2023 0:04
1161378,8/31/2023 0:00,6.99,8/31/2023 0:04
1161264,8/31/2023 0:00,3.99,8/31/2023 0:04
1159465,8/31/2023 0:00,6.99,8/31/2023 0:02
1161581,8/31/2023 0:00,10,8/31/2023 14:20
1161556,8/31/2023 0:00,4.99,8/31/2023 11:27
1161552,8/31/2023 0:00,4.99,8/31/2023 10:45
1161580,8/31/2023 0:00,4.99,8/31/2023 14:03
1161591,8/31/2023 0:00,10,8/31/2023 15:45
1161575,8/31/2023 0:00,4.99,8/31/2023 13:37
1161510,8/31/2023 0:00,10,8/31/2023 0:19
1161589,8/31/2023 0:00,4.99,8/31/2023 15:32
1161590,8/31/2023 0:00,4.99,8/31/2023 15:41
1161561,8/31/2023 0:00,4.99,8/31/2023 12:55
1161557,8/31/2023 0:00,4.99,8/31/2023 12:22
1161618,8/31/2023 0:00,4.99,8/31/2023 19:46
1161509,8/31/2023 0:00,10,8/31/2023 0:18
1161514,8/31/2023 0:00,10,8/31/2023 0:44
1161529,8/31/2023 0:00,10,8/31/2023 3:44
1161534,8/31/2023 0:00,10,8/31/2023 6:17
1161550,8/31/2023 0:00,4.99,8/31/2023 10:34
1161551,8/31/2023 0:00,4.99,8/31/2023 10:38
1161554,8/31/2023 0:00,10,8/31/2023 10:54
1161555,8/31/2023 0:00,10,8/31/2023 11:18
1161559,8/31/2023 0:00,4.99,8/31/2023 12:47
1161562,8/31/2023 0:00,4.99,8/31/2023 13:01
1161584,8/31/2023 0:00,10,8/31/2023 15:12
1161592,8/31/2023 0:00,10,8/31/2023 15:47
1161594,8/31/2023 0:00,10,8/31/2023 16:17
1161603,8/31/2023 0:00,4.99,8/31/2023 18:07
1161604,8/31/2023 0:00,4.99,8/31/2023 18:07
1161605,8/31/2023 0:00,10,8/31/2023 18:08
1161606,8/31/2023 0:00,4.99,8/31/2023 18:08
1161607,8/31/2023 0:00,4.99,8/31/2023 18:10
1161612,8/31/2023 0:00,10,8/31/2023 18:41
1161614,8/31/2023 0:00,10,8/31/2023 18:59
1161617,8/31/2023 0:00,10,8/31/2023 19:37
1161619,8/31/2023 0:00,10,8/31/2023 20:02
1161622,8/31/2023 0:00,10,8/31/2023 21:02
1161623,8/31/2023 0:00,10,8/31/2023 21:21
1161638,8/31/2023 0:00,10,8/31/2023 23:54
1154482,8/30/2023 0:00,3,8/30/2023 0:01
1154522,8/30/2023 0:00,3,8/30/2023 0:01
1154521,8/30/2023 0:00,3,8/30/2023 0:01
1154544,8/30/2023 0:00,6.99,8/30/2023 0:01
1154546,8/30/2023 0:00,6.99,8/30/2023 0:01
1154640,8/30/2023 0:00,6.99,8/30/2023 0:01
1154663,8/30/2023 0:00,6.99,8/30/2023 0:01
1154664,8/30/2023 0:00,6.99,8/30/2023 0:01
1154665,8/30/2023 0:00,6.99,8/30/2023 0:01
1154671,8/30/2023 0:00,3,8/30/2023 0:01
1154670,8/30/2023 0:00,6.99,8/30/2023 0:01
1154705,8/30/2023 0:00,6.99,8/30/2023 0:01
1154799,8/30/2023 0:00,6.99,8/30/2023 0:01
1154765,8/30/2023 0:00,6.99,8/30/2023 0:01
1154827,8/30/2023 0:00,6.99,8/30/2023 0:01
1154829,8/30/2023 0:00,6.99,8/30/2023 0:01
1154826,8/30/2023 0:00,6.99,8/30/2023 0:01
1154837,8/30/2023 0:00,6.99,8/30/2023 0:01
1154841,8/30/2023 0:00,6.99,8/30/2023 0:01
1154891,8/30/2023 0:00,6.99,8/30/2023 0:02
1154931,8/30/2023 0:00,6.99,8/30/2023 0:02
1154952,8/30/2023 0:00,6.99,8/30/2023 0:02
1154971,8/30/2023 0:00,6.99,8/30/2023 0:02
1155004,8/30/2023 0:00,6.99,8/30/2023 0:02
1155033,8/30/2023 0:00,6.99,8/30/2023 0:02
1155025,8/30/2023 0:00,6.99,8/30/2023 0:02
1155040,8/30/2023 0:00,6.99,8/30/2023 0:02
1155115,8/30/2023 0:00,6.99,8/30/2023 0:02
1155108,8/30/2023 0:00,6.99,8/30/2023 0:02
1155132,8/30/2023 0:00,6.99,8/30/2023 0:02
1155129,8/30/2023 0:00,6.99,8/30/2023 0:02
1155212,8/30/2023 0:00,6.99,8/30/2023 0:02
1155243,8/30/2023 0:00,6.99,8/30/2023 0:02
1155244,8/30/2023 0:00,6.99,8/30/2023 0:02
1155367,8/30/2023 0:00,6.99,8/30/2023 0:02
1155361,8/30/2023 0:00,6.99,8/30/2023 0:02
1155391,8/30/2023 0:00,6.99,8/30/2023 0:02
1155412,8/30/2023 0:00,6.99,8/30/2023 0:02
1155421,8/30/2023 0:00,6.99,8/30/2023 0:02
1155433,8/30/2023 0:00,6.99,8/30/2023 0:02
1155435,8/30/2023 0:00,6.99,8/30/2023 0:02
1155438,8/30/2023 0:00,6.99,8/30/2023 0:02
1155442,8/30/2023 0:00,6.99,8/30/2023 0:02
1155471,8/30/2023 0:00,6.99,8/30/2023 0:02
1155531,8/30/2023 0:00,6.99,8/30/2023 0:02
1155571,8/30/2023 0:00,6.99,8/30/2023 0:02
1155607,8/30/2023 0:00,6.99,8/30/2023 0:02
1155701,8/30/2023 0:00,6.99,8/30/2023 0:03
1155702,8/30/2023 0:00,6.99,8/30/2023 0:03
1155813,8/30/2023 0:00,6.99,8/30/2023 0:03
1155869,8/30/2023 0:00,6.99,8/30/2023 0:03
1155892,8/30/2023 0:00,6.99,8/30/2023 0:03
1155984,8/30/2023 0:00,6.99,8/30/2023 0:03
1155980,8/30/2023 0:00,6.99,8/30/2023 0:03
1156002,8/30/2023 0:00,6.99,8/30/2023 0:03
1156003,8/30/2023 0:00,6.99,8/30/2023 0:03
1156018,8/30/2023 0:00,6.99,8/30/2023 0:03
1156032,8/30/2023 0:00,6.99,8/30/2023 0:03
1156057,8/30/2023 0:00,6.99,8/30/2023 0:03
1156137,8/30/2023 0:00,6.99,8/30/2023 0:03
1156152,8/30/2023 0:00,6.99,8/30/2023 0:04
1156206,8/30/2023 0:00,6.99,8/30/2023 0:04
1156207,8/30/2023 0:00,6.99,8/30/2023 0:04
1156239,8/30/2023 0:00,6.99,8/30/2023 0:04
1156330,8/30/2023 0:00,6.99,8/30/2023 0:04
1156341,8/30/2023 0:00,6.99,8/30/2023 0:04
1156343,8/30/2023 0:00,6.99,8/30/2023 0:04
1156348,8/30/2023 0:00,6.99,8/30/2023 0:04
1156394,8/30/2023 0:00,6.99,8/30/2023 0:04
1156434,8/30/2023 0:00,6.99,8/30/2023 0:04
1156438,8/30/2023 0:00,6.99,8/30/2023 0:04
1156440,8/30/2023 0:00,6.99,8/30/2023 0:04
1156497,8/30/2023 0:00,6.99,8/30/2023 0:04
1156496,8/30/2023 0:00,6.99,8/30/2023 0:04
1156504,8/30/2023 0:00,6.99,8/30/2023 0:04
1156529,8/30/2023 0:00,6.99,8/30/2023 0:04
1156582,8/30/2023 0:00,6.99,8/30/2023 0:04
1156619,8/30/2023 0:00,6.99,8/30/2023 0:04
1156584,8/30/2023 0:00,6.99,8/30/2023 0:04
1156655,8/30/2023 0:00,6.99,8/30/2023 0:04
1156658,8/30/2023 0:00,6.99,8/30/2023 0:04
1156660,8/30/2023 0:00,6.99,8/30/2023 0:04
1156672,8/30/2023 0:00,6.99,8/30/2023 0:04
1156683,8/30/2023 0:00,6.99,8/30/2023 0:04
1156775,8/30/2023 0:00,6.99,8/30/2023 0:05
1156747,8/30/2023 0:00,6.99,8/30/2023 0:05
1156760,8/30/2023 0:00,6.99,8/30/2023 0:05
1156883,8/30/2023 0:00,6.99,8/30/2023 0:06
1157078,8/30/2023 0:00,6.99,8/30/2023 0:06
1157092,8/30/2023 0:00,6.99,8/30/2023 0:06
1157123,8/30/2023 0:00,6.99,8/30/2023 0:06
1157300,8/30/2023 0:00,6.99,8/30/2023 0:06
1157326,8/30/2023 0:00,6.99,8/30/2023 0:06
1157379,8/30/2023 0:00,6.99,8/30/2023 0:06
1157380,8/30/2023 0:00,6.99,8/30/2023 0:06
1157371,8/30/2023 0:00,6.99,8/30/2023 0:06
1157388,8/30/2023 0:00,6.99,8/30/2023 0:06
1157485,8/30/2023 0:00,6.99,8/30/2023 0:06
1157487,8/30/2023 0:00,6.99,8/30/2023 0:06
1157574,8/30/2023 0:00,6.99,8/30/2023 0:06
1157742,8/30/2023 0:00,6.99,8/30/2023 0:07
1157762,8/30/2023 0:00,6.99,8/30/2023 0:07
1157767,8/30/2023 0:00,6.99,8/30/2023 0:07
1157822,8/30/2023 0:00,6.99,8/30/2023 0:07
1157839,8/30/2023 0:00,6.99,8/30/2023 0:07
1157997,8/30/2023 0:00,10,8/30/2023 22:21
1157757,8/30/2023 0:00,6.99,8/30/2023 0:07
1157916,8/30/2023 0:00,10,8/30/2023 0:41
1157918,8/30/2023 0:00,10,8/30/2023 0:52
1157924,8/30/2023 0:00,10,8/30/2023 2:25
1157933,8/30/2023 0:00,10,8/30/2023 3:44
1157952,8/30/2023 0:00,10,8/30/2023 13:51
1157958,8/30/2023 0:00,10,8/30/2023 15:13
1157971,8/30/2023 0:00,10,8/30/2023 17:12
1157983,8/30/2023 0:00,10,8/30/2023 20:51
1157990,8/30/2023 0:00,10,8/30/2023 21:32
1152201,8/29/2023 0:00,3,8/29/2023 0:00
1152198,8/29/2023 0:00,6.99,8/29/2023 0:00
1152207,8/29/2023 0:00,3,8/29/2023 0:00
1152313,8/29/2023 0:00,6.99,8/29/2023 0:01
1152275,8/29/2023 0:00,4,8/29/2023 0:01
1152276,8/29/2023 0:00,6.99,8/29/2023 0:01
1152288,8/29/2023 0:00,6.99,8/29/2023 0:01
1152289,8/29/2023 0:00,6.99,8/29/2023 0:01
1152344,8/29/2023 0:00,6.99,8/29/2023 0:01
1152378,8/29/2023 0:00,6.99,8/29/2023 0:01
1152449,8/29/2023 0:00,6.99,8/29/2023 0:01
1152455,8/29/2023 0:00,6.99,8/29/2023 0:01
1152459,8/29/2023 0:00,6.99,8/29/2023 0:01
1152454,8/29/2023 0:00,6.99,8/29/2023 0:01
1152462,8/29/2023 0:00,6.99,8/29/2023 0:01
1152603,8/29/2023 0:00,6.99,8/29/2023 0:01
1152596,8/29/2023 0:00,6.99,8/29/2023 0:01
1152615,8/29/2023 0:00,6.99,8/29/2023 0:01
1152627,8/29/2023 0:00,6.99,8/29/2023 0:01
1152646,8/29/2023 0:00,6.99,8/29/2023 0:01
1152681,8/29/2023 0:00,6.99,8/29/2023 0:01
1152724,8/29/2023 0:00,6.99,8/29/2023 0:01
1152739,8/29/2023 0:00,6.99,8/29/2023 0:01
1152750,8/29/2023 0:00,6.99,8/29/2023 0:01
1152762,8/29/2023 0:00,6.99,8/29/2023 0:01
1152806,8/29/2023 0:00,6.99,8/29/2023 0:01
1152893,8/29/2023 0:00,6.99,8/29/2023 0:01
1153089,8/29/2023 0:00,6.99,8/29/2023 0:02
1153102,8/29/2023 0:00,6.99,8/29/2023 0:02
1153135,8/29/2023 0:00,6.99,8/29/2023 0:02
1153138,8/29/2023 0:00,6.99,8/29/2023 0:02
1153195,8/29/2023 0:00,6.99,8/29/2023 0:02
1153197,8/29/2023 0:00,6.99,8/29/2023 0:02
1153204,8/29/2023 0:00,6.99,8/29/2023 0:02
1153208,8/29/2023 0:00,6.99,8/29/2023 0:02
1153266,8/29/2023 0:00,6.99,8/29/2023 0:02
1153264,8/29/2023 0:00,6.99,8/29/2023 0:02
1153265,8/29/2023 0:00,6.99,8/29/2023 0:02
1153470,8/29/2023 0:00,6.99,8/29/2023 0:02
1153579,8/29/2023 0:00,6.99,8/29/2023 0:02
1153580,8/29/2023 0:00,6.99,8/29/2023 0:02
1153608,8/29/2023 0:00,6.99,8/29/2023 0:02
1153607,8/29/2023 0:00,6.99,8/29/2023 0:02
1153614,8/29/2023 0:00,6.99,8/29/2023 0:02
1153677,8/29/2023 0:00,6.99,8/29/2023 0:02
1153670,8/29/2023 0:00,6.99,8/29/2023 0:02
1153713,8/29/2023 0:00,6.99,8/29/2023 0:03
1153824,8/29/2023 0:00,6.99,8/29/2023 0:03
1153853,8/29/2023 0:00,6.99,8/29/2023 0:03
1154017,8/29/2023 0:00,6.99,8/29/2023 0:03
1154011,8/29/2023 0:00,6.99,8/29/2023 0:03
1154018,8/29/2023 0:00,6.99,8/29/2023 0:03
1154273,8/29/2023 0:00,10,8/29/2023 8:08
1154290,8/29/2023 0:00,10,8/29/2023 14:50
1154243,8/29/2023 0:00,10,8/29/2023 0:18
1153131,8/29/2023 0:00,4.99,8/29/2023 0:02
1154245,8/29/2023 0:00,10,8/29/2023 0:43
1154255,8/29/2023 0:00,10,8/29/2023 3:46
1154296,8/29/2023 0:00,10,8/29/2023 15:42
1154300,8/29/2023 0:00,10,8/29/2023 16:24
1154301,8/29/2023 0:00,10,8/29/2023 16:25
1154302,8/29/2023 0:00,10,8/29/2023 16:27
1154303,8/29/2023 0:00,10,8/29/2023 16:27
1154306,8/29/2023 0:00,10,8/29/2023 16:44
1154310,8/29/2023 0:00,10,8/29/2023 17:52
1154320,8/29/2023 0:00,10,8/29/2023 20:24
1154328,8/29/2023 0:00,10,8/29/2023 21:58
1154337,8/29/2023 0:00,10,8/29/2023 23:15
1149779,8/28/2023 0:00,6.99,8/28/2023 0:00
1149794,8/28/2023 0:00,3,8/28/2023 0:00
1149812,8/28/2023 0:00,6.99,8/28/2023 0:00
1149893,8/28/2023 0:00,3,8/28/2023 0:01
1149930,8/28/2023 0:00,6.99,8/28/2023 0:01
1149960,8/28/2023 0:00,6.99,8/28/2023 0:01
1149943,8/28/2023 0:00,6.99,8/28/2023 0:01
1149994,8/28/2023 0:00,6.99,8/28/2023 0:01
1149993,8/28/2023 0:00,6.99,8/28/2023 0:01
1150058,8/28/2023 0:00,6.99,8/28/2023 0:01
1150090,8/28/2023 0:00,6.99,8/28/2023 0:01
1150085,8/28/2023 0:00,6.99,8/28/2023 0:01
1150089,8/28/2023 0:00,6.99,8/28/2023 0:01
1150101,8/28/2023 0:00,6.99,8/28/2023 0:01
1150112,8/28/2023 0:00,6.99,8/28/2023 0:01
1150125,8/28/2023 0:00,6.99,8/28/2023 0:01
1150172,8/28/2023 0:00,6.99,8/28/2023 0:01
1150218,8/28/2023 0:00,6.99,8/28/2023 0:01
1150239,8/28/2023 0:00,6.99,8/28/2023 0:01
1150262,8/28/2023 0:00,6.99,8/28/2023 0:01
1150269,8/28/2023 0:00,6.99,8/28/2023 0:01
1150337,8/28/2023 0:00,6.99,8/28/2023 0:01
1150354,8/28/2023 0:00,6.99,8/28/2023 0:01
1150370,8/28/2023 0:00,6.99,8/28/2023 0:01
1150392,8/28/2023 0:00,6.99,8/28/2023 0:01
1150437,8/28/2023 0:00,6.99,8/28/2023 0:01
1150458,8/28/2023 0:00,6.99,8/28/2023 0:01
1150468,8/28/2023 0:00,6.99,8/28/2023 0:01
1150506,8/28/2023 0:00,6.99,8/28/2023 0:01
1150541,8/28/2023 0:00,6.99,8/28/2023 0:01
1150539,8/28/2023 0:00,6.99,8/28/2023 0:01
1150566,8/28/2023 0:00,6.99,8/28/2023 0:01
1150594,8/28/2023 0:00,6.99,8/28/2023 0:01
1150668,8/28/2023 0:00,6.99,8/28/2023 0:02
1150781,8/28/2023 0:00,6.99,8/28/2023 0:02
1150797,8/28/2023 0:00,6.99,8/28/2023 0:02
1150802,8/28/2023 0:00,6.99,8/28/2023 0:02
1150829,8/28/2023 0:00,6.99,8/28/2023 0:02
1150888,8/28/2023 0:00,6.99,8/28/2023 0:02
1150969,8/28/2023 0:00,6.99,8/28/2023 0:02
1151047,8/28/2023 0:00,6.99,8/28/2023 0:02
1151049,8/28/2023 0:00,6.99,8/28/2023 0:02
1151085,8/28/2023 0:00,6.99,8/28/2023 0:02
1151093,8/28/2023 0:00,6.99,8/28/2023 0:02
1151099,8/28/2023 0:00,6.99,8/28/2023 0:02
1151106,8/28/2023 0:00,6.99,8/28/2023 0:02
1151114,8/28/2023 0:00,6.99,8/28/2023 0:02
1151118,8/28/2023 0:00,6.99,8/28/2023 0:02
1151127,8/28/2023 0:00,6.99,8/28/2023 0:02
1151205,8/28/2023 0:00,6.99,8/28/2023 0:02
1151212,8/28/2023 0:00,6.99,8/28/2023 0:02
1151247,8/28/2023 0:00,6.99,8/28/2023 0:02
1151267,8/28/2023 0:00,6.99,8/28/2023 0:02
1151289,8/28/2023 0:00,6.99,8/28/2023 0:02
1151308,8/28/2023 0:00,6.99,8/28/2023 0:02
1151433,8/28/2023 0:00,6.99,8/28/2023 0:02
1151463,8/28/2023 0:00,6.99,8/28/2023 0:02
1151466,8/28/2023 0:00,6.99,8/28/2023 0:02
1151488,8/28/2023 0:00,6.99,8/28/2023 0:03
1151508,8/28/2023 0:00,6.99,8/28/2023 0:03
1151545,8/28/2023 0:00,6.99,8/28/2023 0:03
1151599,8/28/2023 0:00,6.99,8/28/2023 0:03
1151637,8/28/2023 0:00,6.99,8/28/2023 0:03
1151659,8/28/2023 0:00,6.99,8/28/2023 0:03
1151764,8/28/2023 0:00,6.99,8/28/2023 0:03
1152067,8/28/2023 0:00,10,8/28/2023 20:49
1152014,8/28/2023 0:00,10,8/28/2023 6:04
1152047,8/28/2023 0:00,10,8/28/2023 14:13
1152051,8/28/2023 0:00,10,8/28/2023 14:37
1152059,8/28/2023 0:00,10,8/28/2023 18:47
1152073,8/28/2023 0:00,10,8/28/2023 21:50
1147892,8/27/2023 0:00,6.99,8/27/2023 0:00
1147925,8/27/2023 0:00,6.99,8/27/2023 0:00
1147922,8/27/2023 0:00,3,8/27/2023 0:00
1147951,8/27/2023 0:00,6.99,8/27/2023 0:01
1148031,8/27/2023 0:00,6.99,8/27/2023 0:01
1148030,8/27/2023 0:00,6.99,8/27/2023 0:01
1148037,8/27/2023 0:00,6.99,8/27/2023 0:01
1148036,8/27/2023 0:00,6.99,8/27/2023 0:01
1148078,8/27/2023 0:00,6.99,8/27/2023 0:01
1148100,8/27/2023 0:00,6.99,8/27/2023 0:01
1148103,8/27/2023 0:00,6.99,8/27/2023 0:01
1148160,8/27/2023 0:00,6.99,8/27/2023 0:01
1148168,8/27/2023 0:00,6.99,8/27/2023 0:01
1148155,8/27/2023 0:00,6.99,8/27/2023 0:01
1148154,8/27/2023 0:00,6.99,8/27/2023 0:01
1148159,8/27/2023 0:00,6.99,8/27/2023 0:01
1148166,8/27/2023 0:00,6.99,8/27/2023 0:01
1148197,8/27/2023 0:00,6.99,8/27/2023 0:01
1148179,8/27/2023 0:00,6.99,8/27/2023 0:01
1148217,8/27/2023 0:00,6.99,8/27/2023 0:01
1148297,8/27/2023 0:00,6.99,8/27/2023 0:01
1148343,8/27/2023 0:00,6.99,8/27/2023 0:01
1148413,8/27/2023 0:00,6.99,8/27/2023 0:01
1148414,8/27/2023 0:00,6.99,8/27/2023 0:01
1148485,8/27/2023 0:00,6.99,8/27/2023 0:01
1148500,8/27/2023 0:00,6.99,8/27/2023 0:01
1148601,8/27/2023 0:00,6.99,8/27/2023 0:01
1148604,8/27/2023 0:00,6.99,8/27/2023 0:01
1148605,8/27/2023 0:00,6.99,8/27/2023 0:01
1148607,8/27/2023 0:00,6.99,8/27/2023 0:01
1148618,8/27/2023 0:00,6.99,8/27/2023 0:01
1148685,8/27/2023 0:00,6.99,8/27/2023 0:01
1148698,8/27/2023 0:00,6.99,8/27/2023 0:01
1148733,8/27/2023 0:00,6.99,8/27/2023 0:01
1148739,8/27/2023 0:00,6.99,8/27/2023 0:01
1148881,8/27/2023 0:00,6.99,8/27/2023 0:02
1148879,8/27/2023 0:00,6.99,8/27/2023 0:02
1148896,8/27/2023 0:00,6.99,8/27/2023 0:02
1148905,8/27/2023 0:00,6.99,8/27/2023 0:02
1148900,8/27/2023 0:00,6.99,8/27/2023 0:02
1149118,8/27/2023 0:00,6.99,8/27/2023 0:02
1149277,8/27/2023 0:00,6.99,8/27/2023 0:02
1149290,8/27/2023 0:00,6.99,8/27/2023 0:02
1149303,8/27/2023 0:00,6.99,8/27/2023 0:02
1149403,8/27/2023 0:00,6.99,8/27/2023 0:02
1149641,8/27/2023 0:00,10,8/27/2023 16:13
1149560,8/27/2023 0:00,10,8/27/2023 0:11
1149579,8/27/2023 0:00,10,8/27/2023 1:19
1149586,8/27/2023 0:00,4.99,8/27/2023 1:35
1149592,8/27/2023 0:00,10,8/27/2023 1:54
1149596,8/27/2023 0:00,10,8/27/2023 2:37
1149598,8/27/2023 0:00,10,8/27/2023 2:48
1149620,8/27/2023 0:00,10,8/27/2023 13:12
1149625,8/27/2023 0:00,10,8/27/2023 14:38
1149643,8/27/2023 0:00,10,8/27/2023 17:22
1149650,8/27/2023 0:00,10,8/27/2023 18:41
1149658,8/27/2023 0:00,10,8/27/2023 19:25
1149661,8/27/2023 0:00,10,8/27/2023 20:12
1149681,8/27/2023 0:00,10,8/27/2023 23:06
1145833,8/26/2023 0:00,3,8/26/2023 0:00
1145865,8/26/2023 0:00,6.99,8/26/2023 0:00
1145872,8/26/2023 0:00,3,8/26/2023 0:00
1145873,8/26/2023 0:00,5.99,8/26/2023 0:00
1145984,8/26/2023 0:00,6.99,8/26/2023 0:01
1145987,8/26/2023 0:00,6.99,8/26/2023 0:01
1146035,8/26/2023 0:00,6.99,8/26/2023 0:01
1146034,8/26/2023 0:00,6.99,8/26/2023 0:01
1146109,8/26/2023 0:00,6.99,8/26/2023 0:01
1146156,8/26/2023 0:00,6.99,8/26/2023 0:01
1146179,8/26/2023 0:00,6.99,8/26/2023 0:01
1146180,8/26/2023 0:00,6.99,8/26/2023 0:01
1146240,8/26/2023 0:00,6.99,8/26/2023 0:01
1146241,8/26/2023 0:00,6.99,8/26/2023 0:01
1146288,8/26/2023 0:00,6.99,8/26/2023 0:01
1146359,8/26/2023 0:00,6.99,8/26/2023 0:01
1146453,8/26/2023 0:00,6.99,8/26/2023 0:01
1146459,8/26/2023 0:00,6.99,8/26/2023 0:01
1146510,8/26/2023 0:00,6.99,8/26/2023 0:01
1146545,8/26/2023 0:00,6.99,8/26/2023 0:01
1146557,8/26/2023 0:00,6.99,8/26/2023 0:02
1146595,8/26/2023 0:00,6.99,8/26/2023 0:02
1146615,8/26/2023 0:00,6.99,8/26/2023 0:02
1146630,8/26/2023 0:00,6.99,8/26/2023 0:02
1146663,8/26/2023 0:00,6.99,8/26/2023 0:02
1146671,8/26/2023 0:00,6.99,8/26/2023 0:02
1146708,8/26/2023 0:00,6.99,8/26/2023 0:02
1146705,8/26/2023 0:00,6.99,8/26/2023 0:02
1146834,8/26/2023 0:00,6.99,8/26/2023 0:02
1146841,8/26/2023 0:00,6.99,8/26/2023 0:02
1146863,8/26/2023 0:00,6.99,8/26/2023 0:02
1146879,8/26/2023 0:00,6.99,8/26/2023 0:02
1146951,8/26/2023 0:00,6.99,8/26/2023 0:02
1146965,8/26/2023 0:00,6.99,8/26/2023 0:02
1146972,8/26/2023 0:00,6.99,8/26/2023 0:02
1147031,8/26/2023 0:00,6.99,8/26/2023 0:02
1147050,8/26/2023 0:00,6.99,8/26/2023 0:02
1147105,8/26/2023 0:00,6.99,8/26/2023 0:02
1147124,8/26/2023 0:00,6.99,8/26/2023 0:02
1147132,8/26/2023 0:00,6.99,8/26/2023 0:02
1147620,8/26/2023 0:00,10,8/26/2023 0:58
1147763,8/26/2023 0:00,10,8/26/2023 23:36
1147633,8/26/2023 0:00,10,8/26/2023 2:28
1147634,8/26/2023 0:00,10,8/26/2023 2:34
1147611,8/26/2023 0:00,10,8/26/2023 0:32
1147691,8/26/2023 0:00,4.99,8/26/2023 15:49
1147554,8/26/2023 0:00,10,8/26/2023 0:18
1147619,8/26/2023 0:00,10,8/26/2023 0:56
1147623,8/26/2023 0:00,10,8/26/2023 1:08
1147624,8/26/2023 0:00,10,8/26/2023 1:15
1147628,8/26/2023 0:00,10,8/26/2023 1:58
1147635,8/26/2023 0:00,10,8/26/2023 2:55
1147646,8/26/2023 0:00,10,8/26/2023 3:32
1147652,8/26/2023 0:00,10,8/26/2023 6:24
1147679,8/26/2023 0:00,10,8/26/2023 13:48
1147749,8/26/2023 0:00,10,8/26/2023 22:08
1147711,8/26/2023 0:00,10,8/26/2023 17:50
1147733,8/26/2023 0:00,10,8/26/2023 20:37
1147740,8/26/2023 0:00,10,8/26/2023 21:28
1147750,8/26/2023 0:00,10,8/26/2023 22:09
1144065,8/25/2023 0:00,6.99,8/25/2023 0:00
1144086,8/25/2023 0:00,6.99,8/25/2023 0:00
1144122,8/25/2023 0:00,6.99,8/25/2023 0:01
1144187,8/25/2023 0:00,6.99,8/25/2023 0:01
1144227,8/25/2023 0:00,6.99,8/25/2023 0:01
1144250,8/25/2023 0:00,6.99,8/25/2023 0:01
1144288,8/25/2023 0:00,6.99,8/25/2023 0:01
1144399,8/25/2023 0:00,6.99,8/25/2023 0:01
1144394,8/25/2023 0:00,6.99,8/25/2023 0:01
1144454,8/25/2023 0:00,6.99,8/25/2023 0:01
1144495,8/25/2023 0:00,6.99,8/25/2023 0:01
1144460,8/25/2023 0:00,6.99,8/25/2023 0:01
1144511,8/25/2023 0:00,3,8/25/2023 0:01
1144566,8/25/2023 0:00,6.99,8/25/2023 0:01
1144630,8/25/2023 0:00,6.99,8/25/2023 0:01
1144643,8/25/2023 0:00,6.99,8/25/2023 0:01
1144669,8/25/2023 0:00,6.99,8/25/2023 0:01
1144667,8/25/2023 0:00,6.99,8/25/2023 0:01
1144681,8/25/2023 0:00,6.99,8/25/2023 0:01
1144701,8/25/2023 0:00,6.99,8/25/2023 0:01
1144725,8/25/2023 0:00,6.99,8/25/2023 0:01
1144788,8/25/2023 0:00,6.99,8/25/2023 0:01
1144851,8/25/2023 0:00,6.99,8/25/2023 0:01
1144878,8/25/2023 0:00,6.99,8/25/2023 0:01
1144880,8/25/2023 0:00,6.99,8/25/2023 0:01
1144901,8/25/2023 0:00,6.99,8/25/2023 0:02
1144954,8/25/2023 0:00,6.99,8/25/2023 0:02
1145036,8/25/2023 0:00,6.99,8/25/2023 0:02
1145081,8/25/2023 0:00,6.99,8/25/2023 0:02
1145082,8/25/2023 0:00,6.99,8/25/2023 0:02
1145091,8/25/2023 0:00,6.99,8/25/2023 0:02
1145116,8/25/2023 0:00,6.99,8/25/2023 0:02
1145225,8/25/2023 0:00,6.99,8/25/2023 0:02
1145228,8/25/2023 0:00,6.99,8/25/2023 0:02
1145242,8/25/2023 0:00,6.99,8/25/2023 0:02
1145249,8/25/2023 0:00,6.99,8/25/2023 0:02
1145287,8/25/2023 0:00,6.99,8/25/2023 0:02
1145336,8/25/2023 0:00,6.99,8/25/2023 0:02
1145517,8/25/2023 0:00,6.99,8/25/2023 0:02
1145743,8/25/2023 0:00,10,8/25/2023 21:25
1145695,8/25/2023 0:00,4.99,8/25/2023 11:39
1145712,8/25/2023 0:00,10,8/25/2023 16:44
1145768,8/25/2023 0:00,10,8/25/2023 23:38
1145726,8/25/2023 0:00,10,8/25/2023 19:23
1145724,8/25/2023 0:00,10,8/25/2023 19:04
1145730,8/25/2023 0:00,10,8/25/2023 19:54
1145734,8/25/2023 0:00,10,8/25/2023 20:29
1145736,8/25/2023 0:00,10,8/25/2023 20:40
1145758,8/25/2023 0:00,10,8/25/2023 22:57
1145759,8/25/2023 0:00,10,8/25/2023 23:03
1145760,8/25/2023 0:00,10,8/25/2023 23:04
1145762,8/25/2023 0:00,10,8/25/2023 23:07
1142428,8/24/2023 0:00,5.99,8/24/2023 0:00
1142435,8/24/2023 0:00,5.99,8/24/2023 0:00
1142481,8/24/2023 0:00,5.99,8/24/2023 0:01
1142603,8/24/2023 0:00,6.99,8/24/2023 0:01
1142624,8/24/2023 0:00,6.99,8/24/2023 0:01
1142685,8/24/2023 0:00,6.99,8/24/2023 0:01
1142861,8/24/2023 0:00,6.99,8/24/2023 0:02
1142925,8/24/2023 0:00,6.99,8/24/2023 0:02
1142950,8/24/2023 0:00,6.99,8/24/2023 0:02
1143048,8/24/2023 0:00,6.99,8/24/2023 0:02
1143045,8/24/2023 0:00,6.99,8/24/2023 0:02
1143050,8/24/2023 0:00,6.99,8/24/2023 0:02
1143049,8/24/2023 0:00,6.99,8/24/2023 0:02
1143058,8/24/2023 0:00,6.99,8/24/2023 0:02
1143059,8/24/2023 0:00,6.99,8/24/2023 0:02
1143078,8/24/2023 0:00,6.99,8/24/2023 0:02
1143119,8/24/2023 0:00,6.99,8/24/2023 0:02
1143208,8/24/2023 0:00,6.99,8/24/2023 0:02
1143255,8/24/2023 0:00,6.99,8/24/2023 0:03
1143363,8/24/2023 0:00,6.99,8/24/2023 0:03
1143372,8/24/2023 0:00,6.99,8/24/2023 0:03
1143378,8/24/2023 0:00,6.99,8/24/2023 0:03
1143404,8/24/2023 0:00,6.99,8/24/2023 0:03
1143421,8/24/2023 0:00,6.99,8/24/2023 0:03
1143436,8/24/2023 0:00,6.99,8/24/2023 0:03
1143437,8/24/2023 0:00,6.99,8/24/2023 0:03
1143515,8/24/2023 0:00,6.99,8/24/2023 0:03
1143644,8/24/2023 0:00,6.99,8/24/2023 0:03
1143764,8/24/2023 0:00,6.99,8/24/2023 0:03
1143779,8/24/2023 0:00,6.99,8/24/2023 0:03
1143899,8/24/2023 0:00,10,8/24/2023 0:39
1143903,8/24/2023 0:00,10,8/24/2023 1:42
1143905,8/24/2023 0:00,10,8/24/2023 2:00
1143906,8/24/2023 0:00,10,8/24/2023 2:25
1143932,8/24/2023 0:00,10,8/24/2023 15:29
1143957,8/24/2023 0:00,10,8/24/2023 19:42
1143973,8/24/2023 0:00,10,8/24/2023 23:11
1140883,8/23/2023 0:00,6.99,8/23/2023 0:00
1140889,8/23/2023 0:00,6.99,8/23/2023 0:00
1140896,8/23/2023 0:00,6.99,8/23/2023 0:00
1140898,8/23/2023 0:00,6.99,8/23/2023 0:00
1140903,8/23/2023 0:00,6.99,8/23/2023 0:00
1140939,8/23/2023 0:00,6.99,8/23/2023 0:01
1140942,8/23/2023 0:00,6.99,8/23/2023 0:01
1140947,8/23/2023 0:00,6.99,8/23/2023 0:01
1140974,8/23/2023 0:00,6.99,8/23/2023 0:01
1141009,8/23/2023 0:00,6.99,8/23/2023 0:01
1141010,8/23/2023 0:00,6.99,8/23/2023 0:01
1141038,8/23/2023 0:00,6.99,8/23/2023 0:01
1141079,8/23/2023 0:00,6.99,8/23/2023 0:01
1141083,8/23/2023 0:00,6.99,8/23/2023 0:01
1141145,8/23/2023 0:00,6.99,8/23/2023 0:01
1141161,8/23/2023 0:00,6.99,8/23/2023 0:01
1141160,8/23/2023 0:00,6.99,8/23/2023 0:01
1141186,8/23/2023 0:00,6.99,8/23/2023 0:01
1141197,8/23/2023 0:00,6.99,8/23/2023 0:01
1141286,8/23/2023 0:00,6.99,8/23/2023 0:01
1141293,8/23/2023 0:00,6.99,8/23/2023 0:01
1141317,8/23/2023 0:00,6.99,8/23/2023 0:01
1141333,8/23/2023 0:00,6.99,8/23/2023 0:01
1141322,8/23/2023 0:00,6.99,8/23/2023 0:01
1141345,8/23/2023 0:00,6.99,8/23/2023 0:01
1141380,8/23/2023 0:00,6.99,8/23/2023 0:02
1141454,8/23/2023 0:00,6.99,8/23/2023 0:02
1141559,8/23/2023 0:00,6.99,8/23/2023 0:02
1141578,8/23/2023 0:00,6.99,8/23/2023 0:02
1141625,8/23/2023 0:00,6.99,8/23/2023 0:02
1141678,8/23/2023 0:00,6.99,8/23/2023 0:03
1141712,8/23/2023 0:00,6.99,8/23/2023 0:03
1141801,8/23/2023 0:00,6.99,8/23/2023 0:03
1141806,8/23/2023 0:00,6.99,8/23/2023 0:03
1141813,8/23/2023 0:00,6.99,8/23/2023 0:03
1142307,8/23/2023 0:00,10,8/23/2023 21:05
1142244,8/23/2023 0:00,10,8/23/2023 4:20
1142321,8/23/2023 0:00,10,8/23/2023 22:39
1142269,8/23/2023 0:00,10,8/23/2023 15:34
1142231,8/23/2023 0:00,10,8/23/2023 0:18
1142230,8/23/2023 0:00,10,8/23/2023 0:14
1142232,8/23/2023 0:00,10,8/23/2023 0:23
1142257,8/23/2023 0:00,10,8/23/2023 12:26
1142262,8/23/2023 0:00,10,8/23/2023 13:43
1142270,8/23/2023 0:00,10,8/23/2023 15:34
1142271,8/23/2023 0:00,10,8/23/2023 15:35
1142280,8/23/2023 0:00,10,8/23/2023 16:40
1142281,8/23/2023 0:00,10,8/23/2023 17:09
1142282,8/23/2023 0:00,10,8/23/2023 17:20
1142284,8/23/2023 0:00,10,8/23/2023 18:09
1142312,8/23/2023 0:00,10,8/23/2023 21:50
1142318,8/23/2023 0:00,10,8/23/2023 22:13
1142315,8/23/2023 0:00,10,8/23/2023 21:59
1142317,8/23/2023 0:00,10,8/23/2023 22:11
1142319,8/23/2023 0:00,10,8/23/2023 22:14
1138854,8/22/2023 0:00,6.99,8/22/2023 0:00
1138895,8/22/2023 0:00,6.99,8/22/2023 0:00
1138928,8/22/2023 0:00,6.99,8/22/2023 0:00
1138927,8/22/2023 0:00,6.99,8/22/2023 0:00
1138956,8/22/2023 0:00,6.99,8/22/2023 0:01
1138954,8/22/2023 0:00,6.99,8/22/2023 0:01
1138973,8/22/2023 0:00,6.99,8/22/2023 0:01
1139061,8/22/2023 0:00,6.99,8/22/2023 0:01
1139133,8/22/2023 0:00,6.99,8/22/2023 0:01
1139160,8/22/2023 0:00,6.99,8/22/2023 0:01
1139279,8/22/2023 0:00,6.99,8/22/2023 0:01
1139289,8/22/2023 0:00,6.99,8/22/2023 0:01
1139339,8/22/2023 0:00,6.99,8/22/2023 0:01
1139411,8/22/2023 0:00,6.99,8/22/2023 0:01
1139420,8/22/2023 0:00,6.99,8/22/2023 0:01
1139565,8/22/2023 0:00,6.99,8/22/2023 0:02
1139596,8/22/2023 0:00,6.99,8/22/2023 0:02
1139612,8/22/2023 0:00,6.99,8/22/2023 0:02
1139618,8/22/2023 0:00,6.99,8/22/2023 0:02
1139686,8/22/2023 0:00,6.99,8/22/2023 0:02
1139698,8/22/2023 0:00,6.99,8/22/2023 0:02
1139718,8/22/2023 0:00,6.99,8/22/2023 0:02
1139787,8/22/2023 0:00,6.99,8/22/2023 0:02
1139807,8/22/2023 0:00,6.99,8/22/2023 0:02
1139952,8/22/2023 0:00,6.99,8/22/2023 0:02
1139981,8/22/2023 0:00,6.99,8/22/2023 0:02
1139993,8/22/2023 0:00,6.99,8/22/2023 0:02
1140004,8/22/2023 0:00,6.99,8/22/2023 0:02
1140313,8/22/2023 0:00,6.99,8/22/2023 0:03
1140316,8/22/2023 0:00,6.99,8/22/2023 0:03
1140335,8/22/2023 0:00,6.99,8/22/2023 0:03
1140377,8/22/2023 0:00,6.99,8/22/2023 0:03
1140378,8/22/2023 0:00,6.99,8/22/2023 0:03
1140480,8/22/2023 0:00,6.99,8/22/2023 0:03
1140454,8/22/2023 0:00,6.99,8/22/2023 0:03
1140503,8/22/2023 0:00,6.99,8/22/2023 0:03
1140689,8/22/2023 0:00,6.99,8/22/2023 0:03
1140784,8/22/2023 0:00,10,8/22/2023 22:39
1140768,8/22/2023 0:00,10,8/22/2023 20:08
1140780,8/22/2023 0:00,10,8/22/2023 21:53
1140731,8/22/2023 0:00,10,8/22/2023 2:55
1140735,8/22/2023 0:00,10,8/22/2023 4:02
1140754,8/22/2023 0:00,10,8/22/2023 15:54
1140767,8/22/2023 0:00,10,8/22/2023 19:43
1140786,8/22/2023 0:00,10,8/22/2023 22:43
1140785,8/22/2023 0:00,10,8/22/2023 22:40
1136665,8/21/2023 0:00,6.99,8/21/2023 0:00
1136727,8/21/2023 0:00,6.99,8/21/2023 0:00
1136746,8/21/2023 0:00,6.99,8/21/2023 0:01
1136797,8/21/2023 0:00,6.99,8/21/2023 0:01
1136804,8/21/2023 0:00,6.99,8/21/2023 0:01
1136808,8/21/2023 0:00,6.99,8/21/2023 0:01
1136814,8/21/2023 0:00,6.99,8/21/2023 0:01
1136907,8/21/2023 0:00,6.99,8/21/2023 0:01
1136934,8/21/2023 0:00,6.99,8/21/2023 0:01
1136930,8/21/2023 0:00,6.99,8/21/2023 0:01
1136949,8/21/2023 0:00,6.99,8/21/2023 0:01
1136972,8/21/2023 0:00,6.99,8/21/2023 0:01
1136940,8/21/2023 0:00,6.99,8/21/2023 0:01
1136974,8/21/2023 0:00,6.99,8/21/2023 0:01
1137028,8/21/2023 0:00,6.99,8/21/2023 0:01
1137037,8/21/2023 0:00,6.99,8/21/2023 0:01
1137081,8/21/2023 0:00,6.99,8/21/2023 0:01
1137097,8/21/2023 0:00,6.99,8/21/2023 0:01
1137128,8/21/2023 0:00,6.99,8/21/2023 0:01
1137157,8/21/2023 0:00,6.99,8/21/2023 0:01
1137158,8/21/2023 0:00,6.99,8/21/2023 0:01
1137245,8/21/2023 0:00,6.99,8/21/2023 0:01
1137328,8/21/2023 0:00,6.99,8/21/2023 0:01
1137366,8/21/2023 0:00,6.99,8/21/2023 0:01
1137414,8/21/2023 0:00,6.99,8/21/2023 0:01
1137406,8/21/2023 0:00,6.99,8/21/2023 0:01
1137560,8/21/2023 0:00,6.99,8/21/2023 0:02
1137585,8/21/2023 0:00,6.99,8/21/2023 0:02
1137872,8/21/2023 0:00,6.99,8/21/2023 0:02
1137931,8/21/2023 0:00,6.99,8/21/2023 0:02
1137988,8/21/2023 0:00,6.99,8/21/2023 0:02
1138013,8/21/2023 0:00,6.99,8/21/2023 0:02
1138204,8/21/2023 0:00,6.99,8/21/2023 0:02
1138256,8/21/2023 0:00,6.99,8/21/2023 0:02
1138267,8/21/2023 0:00,6.99,8/21/2023 0:03
1138456,8/21/2023 0:00,6.99,8/21/2023 0:03
1138724,8/21/2023 0:00,10,8/21/2023 1:18
1138721,8/21/2023 0:00,10,8/21/2023 1:08
1138722,8/21/2023 0:00,10,8/21/2023 1:08
1138726,8/21/2023 0:00,10,8/21/2023 1:29
1138742,8/21/2023 0:00,10,8/21/2023 5:06
1138737,8/21/2023 0:00,10,8/21/2023 3:15
1138738,8/21/2023 0:00,10,8/21/2023 3:36
1138743,8/21/2023 0:00,10,8/21/2023 5:07
1138745,8/21/2023 0:00,10,8/21/2023 5:16
1138755,8/21/2023 0:00,10,8/21/2023 10:56
1138760,8/21/2023 0:00,10,8/21/2023 14:10
1138764,8/21/2023 0:00,10,8/21/2023 14:26
1138784,8/21/2023 0:00,10,8/21/2023 18:16
1138798,8/21/2023 0:00,10,8/21/2023 21:53
1138788,8/21/2023 0:00,10,8/21/2023 18:48
1138800,8/21/2023 0:00,10,8/21/2023 23:01
1134503,8/20/2023 0:00,5.99,8/20/2023 0:00
1134597,8/20/2023 0:00,6.99,8/20/2023 0:00
1134600,8/20/2023 0:00,6.99,8/20/2023 0:00
1134627,8/20/2023 0:00,6.99,8/20/2023 0:00
1134655,8/20/2023 0:00,6.99,8/20/2023 0:01
1134685,8/20/2023 0:00,6.99,8/20/2023 0:01
1134736,8/20/2023 0:00,6.99,8/20/2023 0:01
1134719,8/20/2023 0:00,6.99,8/20/2023 0:01
1134716,8/20/2023 0:00,6.99,8/20/2023 0:01
1134755,8/20/2023 0:00,6.99,8/20/2023 0:01
1134774,8/20/2023 0:00,6.99,8/20/2023 0:01
1134776,8/20/2023 0:00,6.99,8/20/2023 0:01
1134794,8/20/2023 0:00,6.99,8/20/2023 0:01
1134963,8/20/2023 0:00,6.99,8/20/2023 0:01
1134950,8/20/2023 0:00,6.99,8/20/2023 0:01
1134985,8/20/2023 0:00,6.99,8/20/2023 0:01
1135019,8/20/2023 0:00,6.99,8/20/2023 0:01
1135116,8/20/2023 0:00,6.99,8/20/2023 0:01
1135161,8/20/2023 0:00,6.99,8/20/2023 0:01
1135175,8/20/2023 0:00,6.99,8/20/2023 0:01
1135215,8/20/2023 0:00,6.99,8/20/2023 0:01
1135248,8/20/2023 0:00,6.99,8/20/2023 0:01
1135250,8/20/2023 0:00,6.99,8/20/2023 0:01
1135272,8/20/2023 0:00,6.99,8/20/2023 0:01
1135615,8/20/2023 0:00,6.99,8/20/2023 0:02
1135947,8/20/2023 0:00,6.99,8/20/2023 0:02
1136005,8/20/2023 0:00,6.99,8/20/2023 0:02
1136118,8/20/2023 0:00,6.99,8/20/2023 0:02
1136103,8/20/2023 0:00,6.99,8/20/2023 0:02
1136101,8/20/2023 0:00,6.99,8/20/2023 0:02
1136120,8/20/2023 0:00,6.99,8/20/2023 0:02
1136112,8/20/2023 0:00,6.99,8/20/2023 0:02
1136158,8/20/2023 0:00,6.99,8/20/2023 0:02
1136163,8/20/2023 0:00,6.99,8/20/2023 0:02
1136400,8/20/2023 0:00,6.99,8/20/2023 0:03
1136523,8/20/2023 0:00,10,8/20/2023 2:24
1136586,8/20/2023 0:00,10,8/20/2023 23:43
1136510,8/20/2023 0:00,10,8/20/2023 0:16
1136515,8/20/2023 0:00,10,8/20/2023 0:45
1136518,8/20/2023 0:00,10,8/20/2023 1:37
1136526,8/20/2023 0:00,10,8/20/2023 2:56
1136527,8/20/2023 0:00,10,8/20/2023 3:04
1136544,8/20/2023 0:00,10,8/20/2023 13:31
1136551,8/20/2023 0:00,10,8/20/2023 15:14
1136561,8/20/2023 0:00,10,8/20/2023 17:39
1136564,8/20/2023 0:00,4.99,8/20/2023 18:32
1136566,8/20/2023 0:00,4.99,8/20/2023 19:06
1136572,8/20/2023 0:00,10,8/20/2023 20:57
1136587,8/20/2023 0:00,10,8/20/2023 23:46
1132768,8/19/2023 0:00,3,8/19/2023 0:00
1132816,8/19/2023 0:00,3,8/19/2023 0:00
1132819,8/19/2023 0:00,3,8/19/2023 0:00
1132939,8/19/2023 0:00,6.99,8/19/2023 0:01
1132985,8/19/2023 0:00,6.99,8/19/2023 0:01
1132993,8/19/2023 0:00,6.99,8/19/2023 0:01
1133033,8/19/2023 0:00,6.99,8/19/2023 0:01
1133042,8/19/2023 0:00,6.99,8/19/2023 0:01
1133305,8/19/2023 0:00,6.99,8/19/2023 0:01
1133312,8/19/2023 0:00,6.99,8/19/2023 0:01
1133358,8/19/2023 0:00,6.99,8/19/2023 0:01
1133349,8/19/2023 0:00,6.99,8/19/2023 0:01
1133364,8/19/2023 0:00,6.99,8/19/2023 0:01
1133487,8/19/2023 0:00,6.99,8/19/2023 0:01
1133514,8/19/2023 0:00,6.99,8/19/2023 0:01
1133578,8/19/2023 0:00,6.99,8/19/2023 0:02
1133606,8/19/2023 0:00,6.99,8/19/2023 0:02
1133638,8/19/2023 0:00,6.99,8/19/2023 0:02
1133668,8/19/2023 0:00,6.99,8/19/2023 0:02
1133737,8/19/2023 0:00,6.99,8/19/2023 0:02
1133736,8/19/2023 0:00,6.99,8/19/2023 0:02
1133738,8/19/2023 0:00,6.99,8/19/2023 0:02
1133739,8/19/2023 0:00,6.99,8/19/2023 0:02
1133769,8/19/2023 0:00,6.99,8/19/2023 0:02
1133780,8/19/2023 0:00,6.99,8/19/2023 0:02
1133871,8/19/2023 0:00,6.99,8/19/2023 0:02
1133889,8/19/2023 0:00,6.99,8/19/2023 0:02
1133890,8/19/2023 0:00,6.99,8/19/2023 0:02
1133909,8/19/2023 0:00,6.99,8/19/2023 0:02
1134389,8/19/2023 0:00,10,8/19/2023 21:00
1134297,8/19/2023 0:00,10,8/19/2023 0:37
1134305,8/19/2023 0:00,10,8/19/2023 1:24
1134322,8/19/2023 0:00,4.19,8/19/2023 3:30
1134349,8/19/2023 0:00,10,8/19/2023 14:10
1134293,8/19/2023 0:00,10,8/19/2023 0:23
1134304,8/19/2023 0:00,10,8/19/2023 1:15
1134301,8/19/2023 0:00,10,8/19/2023 0:56
1134302,8/19/2023 0:00,10,8/19/2023 1:07
1134303,8/19/2023 0:00,10,8/19/2023 1:08
1134306,8/19/2023 0:00,10,8/19/2023 1:34
1134308,8/19/2023 0:00,10,8/19/2023 1:46
1134309,8/19/2023 0:00,10,8/19/2023 2:06
1134311,8/19/2023 0:00,10,8/19/2023 2:13
1134320,8/19/2023 0:00,10,8/19/2023 3:01
1134323,8/19/2023 0:00,10,8/19/2023 3:32
1134326,8/19/2023 0:00,10,8/19/2023 3:58
1134331,8/19/2023 0:00,10,8/19/2023 6:42
1134343,8/19/2023 0:00,10,8/19/2023 11:57
1134358,8/19/2023 0:00,10,8/19/2023 15:45
1134362,8/19/2023 0:00,10,8/19/2023 16:53
1134363,8/19/2023 0:00,10,8/19/2023 16:53
1134370,8/19/2023 0:00,10,8/19/2023 18:12
1134372,8/19/2023 0:00,10,8/19/2023 18:40
1134375,8/19/2023 0:00,10,8/19/2023 18:59
1134378,8/19/2023 0:00,10,8/19/2023 19:27
1134386,8/19/2023 0:00,10,8/19/2023 20:32
1134385,8/19/2023 0:00,10,8/19/2023 20:26
1134390,8/19/2023 0:00,10,8/19/2023 21:01
1134392,8/19/2023 0:00,10,8/19/2023 21:28
1134403,8/19/2023 0:00,10,8/19/2023 22:24
1134408,8/19/2023 0:00,10,8/19/2023 23:31
1131036,8/18/2023 0:00,5.99,8/18/2023 0:00
1131049,8/18/2023 0:00,5.99,8/18/2023 0:00
1131095,8/18/2023 0:00,3,8/18/2023 0:00
1131074,8/18/2023 0:00,6.99,8/18/2023 0:00
1131086,8/18/2023 0:00,6.99,8/18/2023 0:00
1131096,8/18/2023 0:00,6.99,8/18/2023 0:00
1131250,8/18/2023 0:00,6.99,8/18/2023 0:01
1131302,8/18/2023 0:00,6.99,8/18/2023 0:01
1131306,8/18/2023 0:00,6.99,8/18/2023 0:01
1131344,8/18/2023 0:00,6.99,8/18/2023 0:01
1131496,8/18/2023 0:00,6.99,8/18/2023 0:01
1131581,8/18/2023 0:00,6.99,8/18/2023 0:02
1131708,8/18/2023 0:00,6.99,8/18/2023 0:02
1131709,8/18/2023 0:00,6.99,8/18/2023 0:02
1131856,8/18/2023 0:00,6.99,8/18/2023 0:02
1131895,8/18/2023 0:00,6.99,8/18/2023 0:02
1131900,8/18/2023 0:00,6.99,8/18/2023 0:02
1131908,8/18/2023 0:00,6.99,8/18/2023 0:02
1131917,8/18/2023 0:00,6.99,8/18/2023 0:02
1131993,8/18/2023 0:00,6.99,8/18/2023 0:02
1132004,8/18/2023 0:00,6.99,8/18/2023 0:02
1132126,8/18/2023 0:00,6.99,8/18/2023 0:03
1132145,8/18/2023 0:00,6.99,8/18/2023 0:03
1132158,8/18/2023 0:00,6.99,8/18/2023 0:03
1132192,8/18/2023 0:00,6.99,8/18/2023 0:03
1132313,8/18/2023 0:00,6.99,8/18/2023 0:03
1132320,8/18/2023 0:00,6.99,8/18/2023 0:03
1132442,8/18/2023 0:00,6.99,8/18/2023 0:03
1132533,8/18/2023 0:00,6.99,8/18/2023 0:03
1132570,8/18/2023 0:00,6.99,8/18/2023 0:03
1132718,8/18/2023 0:00,10,8/18/2023 19:51
1132722,8/18/2023 0:00,10,8/18/2023 20:29
1132713,8/18/2023 0:00,2.9,8/18/2023 19:07
1132701,8/18/2023 0:00,10,8/18/2023 17:56
1132626,8/18/2023 0:00,10,8/18/2023 0:09
1132627,8/18/2023 0:00,10,8/18/2023 0:09
1132628,8/18/2023 0:00,10,8/18/2023 0:21
1132641,8/18/2023 0:00,10,8/18/2023 2:42
1132644,8/18/2023 0:00,10,8/18/2023 3:41
1132654,8/18/2023 0:00,10,8/18/2023 8:07
1132655,8/18/2023 0:00,10,8/18/2023 9:18
1132684,8/18/2023 0:00,10,8/18/2023 15:19
1132709,8/18/2023 0:00,10,8/18/2023 18:25
1132714,8/18/2023 0:00,10,8/18/2023 19:10
1132719,8/18/2023 0:00,10,8/18/2023 19:52
1132724,8/18/2023 0:00,10,8/18/2023 20:36
1132728,8/18/2023 0:00,10,8/18/2023 21:33
1132729,8/18/2023 0:00,10,8/18/2023 21:58
1132739,8/18/2023 0:00,10,8/18/2023 23:30
1132741,8/18/2023 0:00,10,8/18/2023 23:42
1127140,8/17/2023 0:00,6.99,8/17/2023 0:00
1127129,8/17/2023 0:00,3,8/17/2023 0:00
1127259,8/17/2023 0:00,6.99,8/17/2023 0:00
1129839,8/17/2023 0:00,6.99,8/17/2023 0:04
1129850,8/17/2023 0:00,6.99,8/17/2023 0:05
1129967,8/17/2023 0:00,6.99,8/17/2023 0:05
1130006,8/17/2023 0:00,6.99,8/17/2023 0:05
1130082,8/17/2023 0:00,6.99,8/17/2023 0:06
1130058,8/17/2023 0:00,6.99,8/17/2023 0:06
1130129,8/17/2023 0:00,6.99,8/17/2023 0:06
1130123,8/17/2023 0:00,6.99,8/17/2023 0:06
1130176,8/17/2023 0:00,6.99,8/17/2023 0:06
1130193,8/17/2023 0:00,6.99,8/17/2023 0:06
1130177,8/17/2023 0:00,6.99,8/17/2023 0:06
1130198,8/17/2023 0:00,6.99,8/17/2023 0:06
1130206,8/17/2023 0:00,6.99,8/17/2023 0:06
1130225,8/17/2023 0:00,6.99,8/17/2023 0:06
1130214,8/17/2023 0:00,6.99,8/17/2023 0:06
1130233,8/17/2023 0:00,6.99,8/17/2023 0:06
1130304,8/17/2023 0:00,6.99,8/17/2023 0:06
1130376,8/17/2023 0:00,6.99,8/17/2023 0:06
1130458,8/17/2023 0:00,6.99,8/17/2023 0:06
1130448,8/17/2023 0:00,6.99,8/17/2023 0:06
1130440,8/17/2023 0:00,6.99,8/17/2023 0:06
1130563,8/17/2023 0:00,6.99,8/17/2023 0:06
1130589,8/17/2023 0:00,6.99,8/17/2023 0:06
1130887,8/17/2023 0:00,10,8/17/2023 0:29
1130895,8/17/2023 0:00,10,8/17/2023 1:11
1130902,8/17/2023 0:00,10,8/17/2023 4:57
1130943,8/17/2023 0:00,10,8/17/2023 17:21
1130951,8/17/2023 0:00,10,8/17/2023 18:51
1130958,8/17/2023 0:00,10,8/17/2023 20:10
1130959,8/17/2023 0:00,209,8/17/2023 20:23
1130963,8/17/2023 0:00,10,8/17/2023 21:18
1130964,8/17/2023 0:00,10,8/17/2023 21:23
1123200,8/16/2023 0:00,6.99,8/16/2023 0:00
1123280,8/16/2023 0:00,6.99,8/16/2023 0:00
1123353,8/16/2023 0:00,6.99,8/16/2023 0:01
1123425,8/16/2023 0:00,6.99,8/16/2023 0:01
1123452,8/16/2023 0:00,6.99,8/16/2023 0:01
1126287,8/16/2023 0:00,6.99,8/16/2023 0:06
1126246,8/16/2023 0:00,6.99,8/16/2023 0:06
1126247,8/16/2023 0:00,6.99,8/16/2023 0:06
1126314,8/16/2023 0:00,6.99,8/16/2023 0:06
1126347,8/16/2023 0:00,6.99,8/16/2023 0:06
1126384,8/16/2023 0:00,6.99,8/16/2023 0:06
1126439,8/16/2023 0:00,6.99,8/16/2023 0:06
1126493,8/16/2023 0:00,6.99,8/16/2023 0:06
1126462,8/16/2023 0:00,6.99,8/16/2023 0:06
1126473,8/16/2023 0:00,6.99,8/16/2023 0:06
1126552,8/16/2023 0:00,6.99,8/16/2023 0:06
1126603,8/16/2023 0:00,6.99,8/16/2023 0:06
1126614,8/16/2023 0:00,6.99,8/16/2023 0:06
1126617,8/16/2023 0:00,6.99,8/16/2023 0:06
1126630,8/16/2023 0:00,6.99,8/16/2023 0:06
1126681,8/16/2023 0:00,6.99,8/16/2023 0:06
1126712,8/16/2023 0:00,6.99,8/16/2023 0:06
1127050,8/16/2023 0:00,10,8/16/2023 18:07
1127069,8/16/2023 0:00,10,8/16/2023 20:17
1127057,8/16/2023 0:00,10,8/16/2023 18:56
1127068,8/16/2023 0:00,4.83,8/16/2023 19:31
1126959,8/16/2023 0:00,10,8/16/2023 0:11
1126975,8/16/2023 0:00,10,8/16/2023 2:05
1127002,8/16/2023 0:00,10,8/16/2023 9:29
1127038,8/16/2023 0:00,10,8/16/2023 14:40
1127065,8/16/2023 0:00,10,8/16/2023 19:19
1127070,8/16/2023 0:00,10,8/16/2023 20:30
1127071,8/16/2023 0:00,10,8/16/2023 20:30
1127085,8/16/2023 0:00,10,8/16/2023 23:47
1121332,8/15/2023 0:00,6.99,8/15/2023 0:00
1121344,8/15/2023 0:00,6.99,8/15/2023 0:00
1121399,8/15/2023 0:00,6.99,8/15/2023 0:01
1121426,8/15/2023 0:00,6.99,8/15/2023 0:01
1121459,8/15/2023 0:00,5.99,8/15/2023 0:01
1121477,8/15/2023 0:00,6.99,8/15/2023 0:01
1121508,8/15/2023 0:00,6.99,8/15/2023 0:01
1121517,8/15/2023 0:00,6.99,8/15/2023 0:01
1121543,8/15/2023 0:00,6.99,8/15/2023 0:01
1121683,8/15/2023 0:00,6.99,8/15/2023 0:01
1121692,8/15/2023 0:00,6.99,8/15/2023 0:01
1121727,8/15/2023 0:00,6.99,8/15/2023 0:02
1121734,8/15/2023 0:00,6.99,8/15/2023 0:02
1121748,8/15/2023 0:00,6.99,8/15/2023 0:02
1121913,8/15/2023 0:00,6.99,8/15/2023 0:02
1121941,8/15/2023 0:00,6.99,8/15/2023 0:02
1121958,8/15/2023 0:00,6.99,8/15/2023 0:02
1121965,8/15/2023 0:00,6.99,8/15/2023 0:02
1122155,8/15/2023 0:00,6.99,8/15/2023 0:02
1122161,8/15/2023 0:00,6.99,8/15/2023 0:02
1122204,8/15/2023 0:00,6.99,8/15/2023 0:03
1122209,8/15/2023 0:00,6.99,8/15/2023 0:03
1122206,8/15/2023 0:00,6.99,8/15/2023 0:03
1122227,8/15/2023 0:00,6.99,8/15/2023 0:03
1122235,8/15/2023 0:00,6.99,8/15/2023 0:03
1122253,8/15/2023 0:00,6.99,8/15/2023 0:03
1122250,8/15/2023 0:00,6.99,8/15/2023 0:03
1122388,8/15/2023 0:00,6.99,8/15/2023 0:03
1122441,8/15/2023 0:00,6.99,8/15/2023 0:03
1122517,8/15/2023 0:00,6.99,8/15/2023 0:03
1122590,8/15/2023 0:00,6.99,8/15/2023 0:03
1122617,8/15/2023 0:00,6.99,8/15/2023 0:03
1122737,8/15/2023 0:00,6.99,8/15/2023 0:04
1122935,8/15/2023 0:00,6.99,8/15/2023 0:05
1123067,8/15/2023 0:00,209,8/15/2023 18:08
1123005,8/15/2023 0:00,10,8/15/2023 1:35
1123015,8/15/2023 0:00,10,8/15/2023 4:26
1123027,8/15/2023 0:00,10,8/15/2023 11:09
1123053,8/15/2023 0:00,10,8/15/2023 17:11
1123055,8/15/2023 0:00,10,8/15/2023 17:13
1123075,8/15/2023 0:00,10,8/15/2023 19:31
1123079,8/15/2023 0:00,10,8/15/2023 20:12
1123080,8/15/2023 0:00,10,8/15/2023 20:15
1123088,8/15/2023 0:00,10,8/15/2023 22:04
1123098,8/15/2023 0:00,10,8/15/2023 23:41
1119160,8/14/2023 0:00,6.99,8/14/2023 0:00
1119110,8/14/2023 0:00,6.99,8/14/2023 0:00
1119141,8/14/2023 0:00,3,8/14/2023 0:00
1119162,8/14/2023 0:00,3,8/14/2023 0:00
1119193,8/14/2023 0:00,6.99,8/14/2023 0:00
1119200,8/14/2023 0:00,6.99,8/14/2023 0:00
1119244,8/14/2023 0:00,6.99,8/14/2023 0:00
1119335,8/14/2023 0:00,6.99,8/14/2023 0:01
1119334,8/14/2023 0:00,6.99,8/14/2023 0:01
1119345,8/14/2023 0:00,6.99,8/14/2023 0:01
1119355,8/14/2023 0:00,6.99,8/14/2023 0:01
1119366,8/14/2023 0:00,6.99,8/14/2023 0:01
1119367,8/14/2023 0:00,6.99,8/14/2023 0:01
1119386,8/14/2023 0:00,6.99,8/14/2023 0:01
1119447,8/14/2023 0:00,6.99,8/14/2023 0:01
1119451,8/14/2023 0:00,6.99,8/14/2023 0:01
1119467,8/14/2023 0:00,6.99,8/14/2023 0:01
1119503,8/14/2023 0:00,6.99,8/14/2023 0:01
1119502,8/14/2023 0:00,6.99,8/14/2023 0:01
1119518,8/14/2023 0:00,6.99,8/14/2023 0:01
1119523,8/14/2023 0:00,6.99,8/14/2023 0:01
1119571,8/14/2023 0:00,6.99,8/14/2023 0:01
1119573,8/14/2023 0:00,6.99,8/14/2023 0:01
1119629,8/14/2023 0:00,6.99,8/14/2023 0:01
1119612,8/14/2023 0:00,6.99,8/14/2023 0:01
1119639,8/14/2023 0:00,6.99,8/14/2023 0:01
1119644,8/14/2023 0:00,6.99,8/14/2023 0:01
1119667,8/14/2023 0:00,6.99,8/14/2023 0:01
1119708,8/14/2023 0:00,6.99,8/14/2023 0:01
1119737,8/14/2023 0:00,6.99,8/14/2023 0:01
1119738,8/14/2023 0:00,6.99,8/14/2023 0:01
1119778,8/14/2023 0:00,6.99,8/14/2023 0:01
1119791,8/14/2023 0:00,6.99,8/14/2023 0:01
1119811,8/14/2023 0:00,6.99,8/14/2023 0:01
1119814,8/14/2023 0:00,6.99,8/14/2023 0:01
1119882,8/14/2023 0:00,6.99,8/14/2023 0:01
1119963,8/14/2023 0:00,6.99,8/14/2023 0:01
1120003,8/14/2023 0:00,6.99,8/14/2023 0:02
1120000,8/14/2023 0:00,6.99,8/14/2023 0:02
1120040,8/14/2023 0:00,6.99,8/14/2023 0:02
1120094,8/14/2023 0:00,6.99,8/14/2023 0:02
1120276,8/14/2023 0:00,6.99,8/14/2023 0:02
1120284,8/14/2023 0:00,6.99,8/14/2023 0:02
1120296,8/14/2023 0:00,6.99,8/14/2023 0:02
1120298,8/14/2023 0:00,6.99,8/14/2023 0:02
1120307,8/14/2023 0:00,6.99,8/14/2023 0:02
1120314,8/14/2023 0:00,6.99,8/14/2023 0:02
1120341,8/14/2023 0:00,6.99,8/14/2023 0:02
1120370,8/14/2023 0:00,6.99,8/14/2023 0:02
1120369,8/14/2023 0:00,6.99,8/14/2023 0:02
1120461,8/14/2023 0:00,6.99,8/14/2023 0:02
1120485,8/14/2023 0:00,6.99,8/14/2023 0:02
1120523,8/14/2023 0:00,6.99,8/14/2023 0:02
1120602,8/14/2023 0:00,6.99,8/14/2023 0:02
1120585,8/14/2023 0:00,6.99,8/14/2023 0:02
1120624,8/14/2023 0:00,6.99,8/14/2023 0:03
1120634,8/14/2023 0:00,6.99,8/14/2023 0:03
1120636,8/14/2023 0:00,6.99,8/14/2023 0:03
1120722,8/14/2023 0:00,6.99,8/14/2023 0:03
1121194,8/14/2023 0:00,10,8/14/2023 16:42
1121135,8/14/2023 0:00,10,8/14/2023 0:09
1121147,8/14/2023 0:00,10,8/14/2023 3:27
1121149,8/14/2023 0:00,10,8/14/2023 3:57
1121151,8/14/2023 0:00,10,8/14/2023 7:04
1121153,8/14/2023 0:00,10,8/14/2023 7:28
1121168,8/14/2023 0:00,10,8/14/2023 12:08
1121169,8/14/2023 0:00,10,8/14/2023 12:22
1121191,8/14/2023 0:00,10,8/14/2023 16:25
1121202,8/14/2023 0:00,10,8/14/2023 20:16
1121205,8/14/2023 0:00,10,8/14/2023 21:21
1121215,8/14/2023 0:00,10,8/14/2023 23:19
1118982,8/13/2023 0:00,10,8/13/2023 3:05
1118984,8/13/2023 0:00,10,8/13/2023 3:21
1117650,8/13/2023 0:00,6.99,8/13/2023 0:01
1117682,8/13/2023 0:00,6.99,8/13/2023 0:01
1117759,8/13/2023 0:00,6.99,8/13/2023 0:01
1117774,8/13/2023 0:00,6.99,8/13/2023 0:01
1117797,8/13/2023 0:00,6.99,8/13/2023 0:01
1117801,8/13/2023 0:00,6.99,8/13/2023 0:01
1117807,8/13/2023 0:00,6.99,8/13/2023 0:01
1117811,8/13/2023 0:00,6.99,8/13/2023 0:01
1117829,8/13/2023 0:00,6.99,8/13/2023 0:01
1117863,8/13/2023 0:00,6.99,8/13/2023 0:01
1117884,8/13/2023 0:00,6.99,8/13/2023 0:01
1117921,8/13/2023 0:00,6.99,8/13/2023 0:01
1117944,8/13/2023 0:00,6.99,8/13/2023 0:01
1117977,8/13/2023 0:00,6.99,8/13/2023 0:01
1117941,8/13/2023 0:00,6.99,8/13/2023 0:01
1117959,8/13/2023 0:00,6.99,8/13/2023 0:01
1118134,8/13/2023 0:00,6.99,8/13/2023 0:02
1118144,8/13/2023 0:00,6.99,8/13/2023 0:02
1118172,8/13/2023 0:00,6.99,8/13/2023 0:02
1118260,8/13/2023 0:00,6.99,8/13/2023 0:02
1118259,8/13/2023 0:00,6.99,8/13/2023 0:02
1118272,8/13/2023 0:00,6.99,8/13/2023 0:02
1118334,8/13/2023 0:00,6.99,8/13/2023 0:02
1118373,8/13/2023 0:00,6.99,8/13/2023 0:02
1118409,8/13/2023 0:00,6.99,8/13/2023 0:02
1118412,8/13/2023 0:00,6.99,8/13/2023 0:02
1118404,8/13/2023 0:00,6.99,8/13/2023 0:02
1118479,8/13/2023 0:00,6.99,8/13/2023 0:02
1118496,8/13/2023 0:00,6.99,8/13/2023 0:02
1118498,8/13/2023 0:00,6.99,8/13/2023 0:02
1118537,8/13/2023 0:00,6.99,8/13/2023 0:02
1118593,8/13/2023 0:00,6.99,8/13/2023 0:03
1118603,8/13/2023 0:00,6.99,8/13/2023 0:03
1118746,8/13/2023 0:00,6.99,8/13/2023 0:04
1119026,8/13/2023 0:00,10,8/13/2023 15:26
1119053,8/13/2023 0:00,10,8/13/2023 20:46
1118960,8/13/2023 0:00,10,8/13/2023 0:22
1118961,8/13/2023 0:00,10,8/13/2023 0:55
1118962,8/13/2023 0:00,10,8/13/2023 0:56
1118966,8/13/2023 0:00,10,8/13/2023 1:14
1118970,8/13/2023 0:00,4.99,8/13/2023 1:43
1118973,8/13/2023 0:00,10,8/13/2023 2:11
1118987,8/13/2023 0:00,10,8/13/2023 3:55
1118988,8/13/2023 0:00,10,8/13/2023 4:10
1118998,8/13/2023 0:00,10,8/13/2023 7:25
1119051,8/13/2023 0:00,10,8/13/2023 20:20
1119033,8/13/2023 0:00,10,8/13/2023 17:21
1119041,8/13/2023 0:00,10,8/13/2023 18:33
1119046,8/13/2023 0:00,10,8/13/2023 19:06
1119047,8/13/2023 0:00,10,8/13/2023 19:18
1119067,8/13/2023 0:00,10,8/13/2023 22:51
1119070,8/13/2023 0:00,10,8/13/2023 23:27
1119071,8/13/2023 0:00,10,8/13/2023 23:27
1116060,8/12/2023 0:00,6.99,8/12/2023 0:01
1116061,8/12/2023 0:00,6.99,8/12/2023 0:01
1116107,8/12/2023 0:00,6.99,8/12/2023 0:01
1116147,8/12/2023 0:00,6.99,8/12/2023 0:01
1116174,8/12/2023 0:00,6.99,8/12/2023 0:01
1116175,8/12/2023 0:00,6.99,8/12/2023 0:01
1116288,8/12/2023 0:00,6.99,8/12/2023 0:01
1116335,8/12/2023 0:00,6.99,8/12/2023 0:01
1116374,8/12/2023 0:00,6.99,8/12/2023 0:01
1116423,8/12/2023 0:00,6.99,8/12/2023 0:01
1116425,8/12/2023 0:00,6.99,8/12/2023 0:01
1116433,8/12/2023 0:00,6.99,8/12/2023 0:01
1116442,8/12/2023 0:00,6.99,8/12/2023 0:01
1116506,8/12/2023 0:00,6.99,8/12/2023 0:01
1116582,8/12/2023 0:00,6.99,8/12/2023 0:02
1116633,8/12/2023 0:00,6.99,8/12/2023 0:02
1116662,8/12/2023 0:00,6.99,8/12/2023 0:02
1116680,8/12/2023 0:00,6.99,8/12/2023 0:02
1116687,8/12/2023 0:00,6.99,8/12/2023 0:02
1116705,8/12/2023 0:00,6.99,8/12/2023 0:02
1116716,8/12/2023 0:00,6.99,8/12/2023 0:02
1116723,8/12/2023 0:00,6.99,8/12/2023 0:02
1116725,8/12/2023 0:00,6.99,8/12/2023 0:02
1116813,8/12/2023 0:00,6.99,8/12/2023 0:02
1116856,8/12/2023 0:00,6.99,8/12/2023 0:02
1116886,8/12/2023 0:00,6.99,8/12/2023 0:02
1116991,8/12/2023 0:00,6.99,8/12/2023 0:03
1116980,8/12/2023 0:00,6.99,8/12/2023 0:03
1117013,8/12/2023 0:00,6.99,8/12/2023 0:03
1117030,8/12/2023 0:00,6.99,8/12/2023 0:03
1117104,8/12/2023 0:00,6.99,8/12/2023 0:03
1117133,8/12/2023 0:00,6.99,8/12/2023 0:03
1117171,8/12/2023 0:00,6.99,8/12/2023 0:03
1117180,8/12/2023 0:00,6.99,8/12/2023 0:03
1117140,8/12/2023 0:00,6.99,8/12/2023 0:03
1117390,8/12/2023 0:00,10,8/12/2023 1:02
1117397,8/12/2023 0:00,10,8/12/2023 1:27
1117410,8/12/2023 0:00,10,8/12/2023 2:26
1117423,8/12/2023 0:00,10,8/12/2023 3:02
1117542,8/12/2023 0:00,10,8/12/2023 22:24
1117394,8/12/2023 0:00,10,8/12/2023 1:24
1117396,8/12/2023 0:00,4.35,8/12/2023 1:26
1117548,8/12/2023 0:00,10,8/12/2023 22:45
1117388,8/12/2023 0:00,10,8/12/2023 0:52
1117398,8/12/2023 0:00,10,8/12/2023 1:31
1116891,8/12/2023 0:00,10,8/12/2023 0:02
1117372,8/12/2023 0:00,10,8/12/2023 0:08
1117393,8/12/2023 0:00,10,8/12/2023 1:23
1117401,8/12/2023 0:00,10,8/12/2023 1:36
1117399,8/12/2023 0:00,10,8/12/2023 1:35
1117400,8/12/2023 0:00,10,8/12/2023 1:36
1117407,8/12/2023 0:00,10,8/12/2023 2:05
1117415,8/12/2023 0:00,10,8/12/2023 2:39
1117418,8/12/2023 0:00,10,8/12/2023 2:44
1117430,8/12/2023 0:00,10,8/12/2023 3:58
1117431,8/12/2023 0:00,10,8/12/2023 4:33
1117439,8/12/2023 0:00,10,8/12/2023 5:47
1117441,8/12/2023 0:00,10,8/12/2023 6:13
1117456,8/12/2023 0:00,10,8/12/2023 9:39
1117465,8/12/2023 0:00,10,8/12/2023 13:07
1117471,8/12/2023 0:00,10,8/12/2023 14:37
1117486,8/12/2023 0:00,4.99,8/12/2023 16:26
1117489,8/12/2023 0:00,10,8/12/2023 17:18
1117507,8/12/2023 0:00,10,8/12/2023 18:24
1117501,8/12/2023 0:00,4.99,8/12/2023 18:12
1117503,8/12/2023 0:00,10,8/12/2023 18:15
1117514,8/12/2023 0:00,10,8/12/2023 19:23
1117519,8/12/2023 0:00,10,8/12/2023 19:42
1117521,8/12/2023 0:00,10,8/12/2023 19:45
1117522,8/12/2023 0:00,10,8/12/2023 20:13
1117525,8/12/2023 0:00,10,8/12/2023 20:37
1117529,8/12/2023 0:00,10,8/12/2023 21:23
1117531,8/12/2023 0:00,4.99,8/12/2023 21:34
1117550,8/12/2023 0:00,10,8/12/2023 23:04
1117554,8/12/2023 0:00,10,8/12/2023 23:54
1112670,8/11/2023 0:00,6.99,8/11/2023 0:00
1112775,8/11/2023 0:00,6.99,8/11/2023 0:01
1112801,8/11/2023 0:00,6.99,8/11/2023 0:01
1112802,8/11/2023 0:00,6.99,8/11/2023 0:01
1112821,8/11/2023 0:00,6.99,8/11/2023 0:01
1112918,8/11/2023 0:00,6.99,8/11/2023 0:01
1112923,8/11/2023 0:00,6.99,8/11/2023 0:01
1112934,8/11/2023 0:00,6.99,8/11/2023 0:01
1112977,8/11/2023 0:00,6.99,8/11/2023 0:01
1113089,8/11/2023 0:00,6.99,8/11/2023 0:01
1113130,8/11/2023 0:00,6.99,8/11/2023 0:01
1113531,8/11/2023 0:00,6.99,8/11/2023 0:02
1113605,8/11/2023 0:00,6.99,8/11/2023 0:02
1114579,8/11/2023 0:00,6.99,8/11/2023 0:05
1114606,8/11/2023 0:00,6.99,8/11/2023 0:05
1114708,8/11/2023 0:00,6.99,8/11/2023 0:05
1114675,8/11/2023 0:00,6.99,8/11/2023 0:05
1114679,8/11/2023 0:00,6.99,8/11/2023 0:05
1114721,8/11/2023 0:00,6.99,8/11/2023 0:05
1114729,8/11/2023 0:00,6.99,8/11/2023 0:05
1114735,8/11/2023 0:00,6.99,8/11/2023 0:05
1114765,8/11/2023 0:00,6.99,8/11/2023 0:05
1114837,8/11/2023 0:00,6.99,8/11/2023 0:05
1114846,8/11/2023 0:00,6.99,8/11/2023 0:05
1114867,8/11/2023 0:00,6.99,8/11/2023 0:05
1114891,8/11/2023 0:00,6.99,8/11/2023 0:05
1114896,8/11/2023 0:00,6.99,8/11/2023 0:05
1114923,8/11/2023 0:00,6.99,8/11/2023 0:05
1114972,8/11/2023 0:00,6.99,8/11/2023 0:05
1115050,8/11/2023 0:00,6.99,8/11/2023 0:05
1115045,8/11/2023 0:00,6.99,8/11/2023 0:05
1115066,8/11/2023 0:00,6.99,8/11/2023 0:05
1115101,8/11/2023 0:00,6.99,8/11/2023 0:05
1115110,8/11/2023 0:00,6.99,8/11/2023 0:05
1115158,8/11/2023 0:00,6.99,8/11/2023 0:05
1115130,8/11/2023 0:00,6.99,8/11/2023 0:05
1115148,8/11/2023 0:00,6.99,8/11/2023 0:05
1115177,8/11/2023 0:00,6.99,8/11/2023 0:05
1115199,8/11/2023 0:00,6.99,8/11/2023 0:05
1115214,8/11/2023 0:00,6.99,8/11/2023 0:05
1115302,8/11/2023 0:00,6.99,8/11/2023 0:06
1115355,8/11/2023 0:00,6.99,8/11/2023 0:06
1115433,8/11/2023 0:00,6.99,8/11/2023 0:06
1115507,8/11/2023 0:00,6.99,8/11/2023 0:06
1115860,8/11/2023 0:00,10,8/11/2023 19:18
1115866,8/11/2023 0:00,10,8/11/2023 19:49
1115896,8/11/2023 0:00,10,8/11/2023 22:08
1115882,8/11/2023 0:00,10,8/11/2023 20:51
1115739,8/11/2023 0:00,10,8/11/2023 6:02
1115681,8/11/2023 0:00,10,8/11/2023 0:32
1115701,8/11/2023 0:00,10,8/11/2023 1:25
1115709,8/11/2023 0:00,10,8/11/2023 1:48
1115719,8/11/2023 0:00,10,8/11/2023 3:12
1115730,8/11/2023 0:00,4.99,8/11/2023 4:41
1115758,8/11/2023 0:00,10,8/11/2023 11:21
1115763,8/11/2023 0:00,4.99,8/11/2023 11:48
1115764,8/11/2023 0:00,10,8/11/2023 12:07
1115767,8/11/2023 0:00,10,8/11/2023 12:16
1115773,8/11/2023 0:00,10,8/11/2023 12:47
1115791,8/11/2023 0:00,10,8/11/2023 14:15
1115793,8/11/2023 0:00,10,8/11/2023 14:21
1115812,8/11/2023 0:00,10,8/11/2023 15:26
1115801,8/11/2023 0:00,10,8/11/2023 15:00
1115820,8/11/2023 0:00,10,8/11/2023 16:11
1115828,8/11/2023 0:00,10,8/11/2023 16:29
1115830,8/11/2023 0:00,10,8/11/2023 16:37
1115839,8/11/2023 0:00,10,8/11/2023 17:34
1115840,8/11/2023 0:00,10,8/11/2023 18:00
1115858,8/11/2023 0:00,10,8/11/2023 19:14
1115863,8/11/2023 0:00,10,8/11/2023 19:34
1115868,8/11/2023 0:00,10,8/11/2023 19:58
1115875,8/11/2023 0:00,10,8/11/2023 20:25
1115900,8/11/2023 0:00,10,8/11/2023 22:28
1115881,8/11/2023 0:00,10,8/11/2023 20:50
1115895,8/11/2023 0:00,10,8/11/2023 21:58
1115904,8/11/2023 0:00,10,8/11/2023 22:44
1115905,8/11/2023 0:00,10,8/11/2023 22:49
1115917,8/11/2023 0:00,10,8/11/2023 23:53
1104926,8/10/2023 0:00,3,8/10/2023 0:00
1104969,8/10/2023 0:00,6.99,8/10/2023 0:00
1105063,8/10/2023 0:00,6.99,8/10/2023 0:01
1105102,8/10/2023 0:00,3,8/10/2023 0:01
1105240,8/10/2023 0:00,6.99,8/10/2023 0:01
1105276,8/10/2023 0:00,6.99,8/10/2023 0:01
1108585,8/10/2023 0:00,6.99,8/10/2023 0:06
1108896,8/10/2023 0:00,6.99,8/10/2023 0:07
1111493,8/10/2023 0:00,6.99,8/10/2023 0:09
1111600,8/10/2023 0:00,6.99,8/10/2023 0:09
1111663,8/10/2023 0:00,6.99,8/10/2023 0:09
1111829,8/10/2023 0:00,6.99,8/10/2023 0:09
1111845,8/10/2023 0:00,6.99,8/10/2023 0:09
1111902,8/10/2023 0:00,6.99,8/10/2023 0:09
1111905,8/10/2023 0:00,6.99,8/10/2023 0:09
1111961,8/10/2023 0:00,6.99,8/10/2023 0:09
1111983,8/10/2023 0:00,6.99,8/10/2023 0:09
1112023,8/10/2023 0:00,6.99,8/10/2023 0:09
1112027,8/10/2023 0:00,6.99,8/10/2023 0:09
1112040,8/10/2023 0:00,6.99,8/10/2023 0:09
1112058,8/10/2023 0:00,6.99,8/10/2023 0:09
1112108,8/10/2023 0:00,6.99,8/10/2023 0:09
1112207,8/10/2023 0:00,6.99,8/10/2023 0:09
1112350,8/10/2023 0:00,6.99,8/10/2023 0:09
1112521,8/10/2023 0:00,10,8/10/2023 12:40
1112460,8/10/2023 0:00,10,8/10/2023 0:10
1112503,8/10/2023 0:00,10,8/10/2023 2:28
1112504,8/10/2023 0:00,10,8/10/2023 2:49
1112517,8/10/2023 0:00,10,8/10/2023 10:43
1112518,8/10/2023 0:00,10,8/10/2023 10:51
1112533,8/10/2023 0:00,10,8/10/2023 14:17
1112538,8/10/2023 0:00,10,8/10/2023 15:53
1112548,8/10/2023 0:00,10,8/10/2023 18:54
1112552,8/10/2023 0:00,4.99,8/10/2023 19:33
1112555,8/10/2023 0:00,10,8/10/2023 19:57
1112554,8/10/2023 0:00,10,8/10/2023 19:46
1112557,8/10/2023 0:00,10,8/10/2023 21:12
1112558,8/10/2023 0:00,10,8/10/2023 21:15
1112564,8/10/2023 0:00,10,8/10/2023 21:34
1112567,8/10/2023 0:00,10,8/10/2023 22:41
1112574,8/10/2023 0:00,4.99,8/10/2023 23:29
1112577,8/10/2023 0:00,10,8/10/2023 23:34
1112581,8/10/2023 0:00,10,8/10/2023 23:47
1103222,8/9/2023 0:00,3.99,8/9/2023 0:00
1103298,8/9/2023 0:00,6.99,8/9/2023 0:00
1103386,8/9/2023 0:00,6.99,8/9/2023 0:01
1103387,8/9/2023 0:00,6.99,8/9/2023 0:01
1103449,8/9/2023 0:00,6.99,8/9/2023 0:01
1103479,8/9/2023 0:00,6.99,8/9/2023 0:01
1103611,8/9/2023 0:00,6.99,8/9/2023 0:01
1103782,8/9/2023 0:00,6.99,8/9/2023 0:01
1103883,8/9/2023 0:00,6.99,8/9/2023 0:01
1103866,8/9/2023 0:00,6.99,8/9/2023 0:01
1103989,8/9/2023 0:00,6.99,8/9/2023 0:01
1104032,8/9/2023 0:00,6.99,8/9/2023 0:01
1104116,8/9/2023 0:00,6.99,8/9/2023 0:01
1104111,8/9/2023 0:00,6.99,8/9/2023 0:01
1104139,8/9/2023 0:00,6.99,8/9/2023 0:01
1104138,8/9/2023 0:00,6.99,8/9/2023 0:01
1104156,8/9/2023 0:00,6.99,8/9/2023 0:01
1104168,8/9/2023 0:00,6.99,8/9/2023 0:01
1104329,8/9/2023 0:00,6.99,8/9/2023 0:02
1104622,8/9/2023 0:00,6.99,8/9/2023 0:02
1104692,8/9/2023 0:00,6.99,8/9/2023 0:02
1104702,8/9/2023 0:00,6.99,8/9/2023 0:02
1104818,8/9/2023 0:00,10,8/9/2023 18:47
1104840,8/9/2023 0:00,10,8/9/2023 23:45
1104766,8/9/2023 0:00,10,8/9/2023 0:40
1104834,8/9/2023 0:00,10,8/9/2023 23:19
1104767,8/9/2023 0:00,10,8/9/2023 0:41
1104768,8/9/2023 0:00,10,8/9/2023 0:41
1104771,8/9/2023 0:00,10,8/9/2023 1:24
1104772,8/9/2023 0:00,10,8/9/2023 1:37
1104773,8/9/2023 0:00,10,8/9/2023 2:11
1104775,8/9/2023 0:00,10,8/9/2023 2:36
1104794,8/9/2023 0:00,10,8/9/2023 13:12
1104819,8/9/2023 0:00,10,8/9/2023 18:48
1104820,8/9/2023 0:00,10,8/9/2023 19:07
1104836,8/9/2023 0:00,10,8/9/2023 23:29
1100395,8/8/2023 0:00,6.99,8/8/2023 0:00
1100404,8/8/2023 0:00,4,8/8/2023 0:00
1100446,8/8/2023 0:00,6.99,8/8/2023 0:01
1100488,8/8/2023 0:00,6.99,8/8/2023 0:01
1100482,8/8/2023 0:00,6.99,8/8/2023 0:01
1100484,8/8/2023 0:00,6.99,8/8/2023 0:01
1100485,8/8/2023 0:00,6.99,8/8/2023 0:01
1100520,8/8/2023 0:00,6.99,8/8/2023 0:01
1100519,8/8/2023 0:00,6.99,8/8/2023 0:01
1100571,8/8/2023 0:00,6.99,8/8/2023 0:01
1100610,8/8/2023 0:00,6.99,8/8/2023 0:01
1100645,8/8/2023 0:00,6.99,8/8/2023 0:01
1100658,8/8/2023 0:00,6.99,8/8/2023 0:01
1100659,8/8/2023 0:00,6.99,8/8/2023 0:01
1100667,8/8/2023 0:00,6.99,8/8/2023 0:01
1100772,8/8/2023 0:00,6.99,8/8/2023 0:01
1100777,8/8/2023 0:00,6.99,8/8/2023 0:01
1100921,8/8/2023 0:00,6.99,8/8/2023 0:01
1101100,8/8/2023 0:00,6.99,8/8/2023 0:01
1101351,8/8/2023 0:00,6.99,8/8/2023 0:02
1101810,8/8/2023 0:00,6.99,8/8/2023 0:02
1101824,8/8/2023 0:00,6.99,8/8/2023 0:02
1101837,8/8/2023 0:00,6.99,8/8/2023 0:02
1101846,8/8/2023 0:00,6.99,8/8/2023 0:02
1101872,8/8/2023 0:00,6.99,8/8/2023 0:02
1101935,8/8/2023 0:00,6.99,8/8/2023 0:03
1101924,8/8/2023 0:00,6.99,8/8/2023 0:03
1101928,8/8/2023 0:00,6.99,8/8/2023 0:03
1101942,8/8/2023 0:00,6.99,8/8/2023 0:03
1101947,8/8/2023 0:00,6.99,8/8/2023 0:03
1102013,8/8/2023 0:00,6.99,8/8/2023 0:03
1102041,8/8/2023 0:00,6.99,8/8/2023 0:03
1102040,8/8/2023 0:00,6.99,8/8/2023 0:03
1102050,8/8/2023 0:00,6.99,8/8/2023 0:03
1102123,8/8/2023 0:00,6.99,8/8/2023 0:03
1102121,8/8/2023 0:00,6.99,8/8/2023 0:03
1102173,8/8/2023 0:00,6.99,8/8/2023 0:03
1102244,8/8/2023 0:00,6.99,8/8/2023 0:03
1102260,8/8/2023 0:00,6.99,8/8/2023 0:03
1102288,8/8/2023 0:00,6.99,8/8/2023 0:03
1102299,8/8/2023 0:00,6.99,8/8/2023 0:03
1102301,8/8/2023 0:00,6.99,8/8/2023 0:03
1102359,8/8/2023 0:00,6.99,8/8/2023 0:03
1102338,8/8/2023 0:00,6.99,8/8/2023 0:03
1102335,8/8/2023 0:00,6.99,8/8/2023 0:03
1102386,8/8/2023 0:00,6.99,8/8/2023 0:03
1102418,8/8/2023 0:00,6.99,8/8/2023 0:03
1102428,8/8/2023 0:00,6.99,8/8/2023 0:03
1102425,8/8/2023 0:00,6.99,8/8/2023 0:03
1102434,8/8/2023 0:00,6.99,8/8/2023 0:03
1102476,8/8/2023 0:00,6.99,8/8/2023 0:03
1102525,8/8/2023 0:00,6.99,8/8/2023 0:03
1102547,8/8/2023 0:00,6.99,8/8/2023 0:03
1102583,8/8/2023 0:00,6.99,8/8/2023 0:03
1102604,8/8/2023 0:00,6.99,8/8/2023 0:03
1102714,8/8/2023 0:00,6.99,8/8/2023 0:03
1102737,8/8/2023 0:00,6.99,8/8/2023 0:03
1102739,8/8/2023 0:00,6.99,8/8/2023 0:04
1102768,8/8/2023 0:00,6.99,8/8/2023 0:04
1102787,8/8/2023 0:00,6.99,8/8/2023 0:04
1102984,8/8/2023 0:00,6.99,8/8/2023 0:05
1103023,8/8/2023 0:00,6.99,8/8/2023 0:05
1103185,8/8/2023 0:00,10,8/8/2023 22:26
1103192,8/8/2023 0:00,10,8/8/2023 23:36
1103131,8/8/2023 0:00,10,8/8/2023 0:20
1103136,8/8/2023 0:00,10,8/8/2023 1:59
1103152,8/8/2023 0:00,10,8/8/2023 12:44
1103154,8/8/2023 0:00,10,8/8/2023 13:23
1103165,8/8/2023 0:00,10,8/8/2023 18:06
1103166,8/8/2023 0:00,10,8/8/2023 18:48
1103167,8/8/2023 0:00,10,8/8/2023 19:08
1103169,8/8/2023 0:00,10,8/8/2023 19:25
1103170,8/8/2023 0:00,10,8/8/2023 19:48
1103178,8/8/2023 0:00,10,8/8/2023 21:42
1103179,8/8/2023 0:00,10,8/8/2023 21:53
1103180,8/8/2023 0:00,10,8/8/2023 21:53
1103181,8/8/2023 0:00,10,8/8/2023 21:55
1103186,8/8/2023 0:00,10,8/8/2023 22:46
1103191,8/8/2023 0:00,10,8/8/2023 23:34
1103188,8/8/2023 0:00,10,8/8/2023 23:15
1103189,8/8/2023 0:00,10,8/8/2023 23:28
1096893,8/7/2023 0:00,6.99,8/7/2023 0:00
1097758,8/7/2023 0:00,6.99,8/7/2023 0:01
1097777,8/7/2023 0:00,6.99,8/7/2023 0:01
1097792,8/7/2023 0:00,6.99,8/7/2023 0:02
1097822,8/7/2023 0:00,6.99,8/7/2023 0:02
1097854,8/7/2023 0:00,6.99,8/7/2023 0:02
1097894,8/7/2023 0:00,6.99,8/7/2023 0:02
1097901,8/7/2023 0:00,6.99,8/7/2023 0:02
1097941,8/7/2023 0:00,6.99,8/7/2023 0:02
1097962,8/7/2023 0:00,6.99,8/7/2023 0:02
1098026,8/7/2023 0:00,6.99,8/7/2023 0:02
1098022,8/7/2023 0:00,6.99,8/7/2023 0:02
1098072,8/7/2023 0:00,6.99,8/7/2023 0:02
1098081,8/7/2023 0:00,6.99,8/7/2023 0:02
1098080,8/7/2023 0:00,6.99,8/7/2023 0:02
1098131,8/7/2023 0:00,6.99,8/7/2023 0:02
1098132,8/7/2023 0:00,6.99,8/7/2023 0:02
1098144,8/7/2023 0:00,6.99,8/7/2023 0:02
1098178,8/7/2023 0:00,6.99,8/7/2023 0:02
1098214,8/7/2023 0:00,6.99,8/7/2023 0:02
1098231,8/7/2023 0:00,6.99,8/7/2023 0:02
1098219,8/7/2023 0:00,6.99,8/7/2023 0:02
1098234,8/7/2023 0:00,6.99,8/7/2023 0:02
1098277,8/7/2023 0:00,6.99,8/7/2023 0:02
1098276,8/7/2023 0:00,6.99,8/7/2023 0:02
1098524,8/7/2023 0:00,6.99,8/7/2023 0:02
1098580,8/7/2023 0:00,6.99,8/7/2023 0:02
1098582,8/7/2023 0:00,6.99,8/7/2023 0:02
1098640,8/7/2023 0:00,6.99,8/7/2023 0:03
1098656,8/7/2023 0:00,6.99,8/7/2023 0:03
1098698,8/7/2023 0:00,6.99,8/7/2023 0:03
1098696,8/7/2023 0:00,6.99,8/7/2023 0:03
1098752,8/7/2023 0:00,6.99,8/7/2023 0:03
1098766,8/7/2023 0:00,6.99,8/7/2023 0:03
1098788,8/7/2023 0:00,6.99,8/7/2023 0:03
1098794,8/7/2023 0:00,6.99,8/7/2023 0:03
1098801,8/7/2023 0:00,6.99,8/7/2023 0:03
1098799,8/7/2023 0:00,6.99,8/7/2023 0:03
1098815,8/7/2023 0:00,6.99,8/7/2023 0:03
1098818,8/7/2023 0:00,6.99,8/7/2023 0:03
1098836,8/7/2023 0:00,6.99,8/7/2023 0:03
1098842,8/7/2023 0:00,6.99,8/7/2023 0:03
1098848,8/7/2023 0:00,6.99,8/7/2023 0:03
1098869,8/7/2023 0:00,6.99,8/7/2023 0:04
1098879,8/7/2023 0:00,6.99,8/7/2023 0:04
1098903,8/7/2023 0:00,6.99,8/7/2023 0:04
1098943,8/7/2023 0:00,6.99,8/7/2023 0:04
1098944,8/7/2023 0:00,6.99,8/7/2023 0:04
1098949,8/7/2023 0:00,6.99,8/7/2023 0:04
1098983,8/7/2023 0:00,6.99,8/7/2023 0:04
1099085,8/7/2023 0:00,6.99,8/7/2023 0:04
1099101,8/7/2023 0:00,6.99,8/7/2023 0:04
1099106,8/7/2023 0:00,6.99,8/7/2023 0:04
1099111,8/7/2023 0:00,6.99,8/7/2023 0:04
1099170,8/7/2023 0:00,6.99,8/7/2023 0:04
1099226,8/7/2023 0:00,6.99,8/7/2023 0:04
1099243,8/7/2023 0:00,6.99,8/7/2023 0:04
1099322,8/7/2023 0:00,6.99,8/7/2023 0:04
1099306,8/7/2023 0:00,6.99,8/7/2023 0:04
1099323,8/7/2023 0:00,6.99,8/7/2023 0:04
1099332,8/7/2023 0:00,6.99,8/7/2023 0:04
1099372,8/7/2023 0:00,6.99,8/7/2023 0:04
1099440,8/7/2023 0:00,6.99,8/7/2023 0:04
1099455,8/7/2023 0:00,6.99,8/7/2023 0:04
1099493,8/7/2023 0:00,6.99,8/7/2023 0:05
1099517,8/7/2023 0:00,6.99,8/7/2023 0:05
1099520,8/7/2023 0:00,6.99,8/7/2023 0:05
1099529,8/7/2023 0:00,6.99,8/7/2023 0:05
1099519,8/7/2023 0:00,6.99,8/7/2023 0:05
1099516,8/7/2023 0:00,6.99,8/7/2023 0:05
1099535,8/7/2023 0:00,6.99,8/7/2023 0:05
1099549,8/7/2023 0:00,6.99,8/7/2023 0:05
1099594,8/7/2023 0:00,6.99,8/7/2023 0:05
1099596,8/7/2023 0:00,6.99,8/7/2023 0:05
1099661,8/7/2023 0:00,6.99,8/7/2023 0:05
1099643,8/7/2023 0:00,6.99,8/7/2023 0:05
1099664,8/7/2023 0:00,6.99,8/7/2023 0:05
1099686,8/7/2023 0:00,6.99,8/7/2023 0:05
1099797,8/7/2023 0:00,6.99,8/7/2023 0:05
1099796,8/7/2023 0:00,6.99,8/7/2023 0:05
1099855,8/7/2023 0:00,6.99,8/7/2023 0:05
1099883,8/7/2023 0:00,6.99,8/7/2023 0:05
1100020,8/7/2023 0:00,6.99,8/7/2023 0:05
1100033,8/7/2023 0:00,6.99,8/7/2023 0:05
1099966,8/7/2023 0:00,6.99,8/7/2023 0:05
1100217,8/7/2023 0:00,10,8/7/2023 13:28
1098751,8/7/2023 0:00,10,8/7/2023 0:03
1100184,8/7/2023 0:00,10,8/7/2023 0:46
1100185,8/7/2023 0:00,10,8/7/2023 0:49
1100189,8/7/2023 0:00,10,8/7/2023 1:02
1100196,8/7/2023 0:00,10,8/7/2023 3:32
1100198,8/7/2023 0:00,10,8/7/2023 4:32
1100201,8/7/2023 0:00,10,8/7/2023 4:51
1100203,8/7/2023 0:00,10,8/7/2023 5:17
1100215,8/7/2023 0:00,10,8/7/2023 12:04
1100216,8/7/2023 0:00,10,8/7/2023 12:44
1100239,8/7/2023 0:00,10,8/7/2023 15:57
1100242,8/7/2023 0:00,10,8/7/2023 16:04
1100244,8/7/2023 0:00,10,8/7/2023 16:52
1100245,8/7/2023 0:00,10,8/7/2023 17:05
1100246,8/7/2023 0:00,10,8/7/2023 17:49
1100249,8/7/2023 0:00,10,8/7/2023 18:49
1100253,8/7/2023 0:00,10,8/7/2023 21:23
1100259,8/7/2023 0:00,10,8/7/2023 22:18
1100263,8/7/2023 0:00,10,8/7/2023 23:56
1093003,8/6/2023 0:00,3,8/6/2023 0:00
1093369,8/6/2023 0:00,6.99,8/6/2023 0:01
1093375,8/6/2023 0:00,6.99,8/6/2023 0:01
1093394,8/6/2023 0:00,6.99,8/6/2023 0:01
1093410,8/6/2023 0:00,6.99,8/6/2023 0:01
1093442,8/6/2023 0:00,6.99,8/6/2023 0:01
1093445,8/6/2023 0:00,6.99,8/6/2023 0:01
1093463,8/6/2023 0:00,6.99,8/6/2023 0:01
1093464,8/6/2023 0:00,6.99,8/6/2023 0:01
1093501,8/6/2023 0:00,6.99,8/6/2023 0:01
1093486,8/6/2023 0:00,6.99,8/6/2023 0:01
1093535,8/6/2023 0:00,6.99,8/6/2023 0:01
1093606,8/6/2023 0:00,6.99,8/6/2023 0:01
1093600,8/6/2023 0:00,6.99,8/6/2023 0:01
1093624,8/6/2023 0:00,6.99,8/6/2023 0:01
1093654,8/6/2023 0:00,6.99,8/6/2023 0:01
1093699,8/6/2023 0:00,6.99,8/6/2023 0:01
1093704,8/6/2023 0:00,6.99,8/6/2023 0:01
1093703,8/6/2023 0:00,6.99,8/6/2023 0:01
1093723,8/6/2023 0:00,6.99,8/6/2023 0:01
1093849,8/6/2023 0:00,6.99,8/6/2023 0:01
1093864,8/6/2023 0:00,6.99,8/6/2023 0:01
1093856,8/6/2023 0:00,6.99,8/6/2023 0:01
1093865,8/6/2023 0:00,6.99,8/6/2023 0:01
1095902,8/6/2023 0:00,6.99,8/6/2023 0:05
1095965,8/6/2023 0:00,6.99,8/6/2023 0:05
1095993,8/6/2023 0:00,6.99,8/6/2023 0:05
1095995,8/6/2023 0:00,6.99,8/6/2023 0:05
1095994,8/6/2023 0:00,6.99,8/6/2023 0:05
1096036,8/6/2023 0:00,6.99,8/6/2023 0:05
1096050,8/6/2023 0:00,6.99,8/6/2023 0:05
1096058,8/6/2023 0:00,6.99,8/6/2023 0:05
1096167,8/6/2023 0:00,6.99,8/6/2023 0:05
1096208,8/6/2023 0:00,6.99,8/6/2023 0:05
1096267,8/6/2023 0:00,6.99,8/6/2023 0:05
1096266,8/6/2023 0:00,6.99,8/6/2023 0:05
1096281,8/6/2023 0:00,6.99,8/6/2023 0:05
1096286,8/6/2023 0:00,6.99,8/6/2023 0:05
1096312,8/6/2023 0:00,6.99,8/6/2023 0:05
1096430,8/6/2023 0:00,6.99,8/6/2023 0:05
1096545,8/6/2023 0:00,6.99,8/6/2023 0:05
1096745,8/6/2023 0:00,10,8/6/2023 4:00
1096736,8/6/2023 0:00,10,8/6/2023 1:50
1095320,8/6/2023 0:00,10,8/6/2023 0:04
1096731,8/6/2023 0:00,10,8/6/2023 0:39
1096732,8/6/2023 0:00,10,8/6/2023 0:41
1096735,8/6/2023 0:00,10,8/6/2023 1:37
1096739,8/6/2023 0:00,10,8/6/2023 3:06
1096742,8/6/2023 0:00,10,8/6/2023 3:13
1096744,8/6/2023 0:00,10,8/6/2023 3:42
1096760,8/6/2023 0:00,10,8/6/2023 13:40
1096761,8/6/2023 0:00,10,8/6/2023 13:41
1096764,8/6/2023 0:00,10,8/6/2023 14:56
1096775,8/6/2023 0:00,10,8/6/2023 18:55
1096780,8/6/2023 0:00,10,8/6/2023 19:26
1096782,8/6/2023 0:00,10,8/6/2023 19:31
1096783,8/6/2023 0:00,10,8/6/2023 19:41
1096791,8/6/2023 0:00,10,8/6/2023 22:54
1096795,8/6/2023 0:00,10,8/6/2023 23:47
1096796,8/6/2023 0:00,10,8/6/2023 23:49
1091112,8/5/2023 0:00,5.99,8/5/2023 0:00
1091147,8/5/2023 0:00,3,8/5/2023 0:00
1091164,8/5/2023 0:00,6.99,8/5/2023 0:00
1091169,8/5/2023 0:00,6.99,8/5/2023 0:00
1091230,8/5/2023 0:00,6.99,8/5/2023 0:01
1091262,8/5/2023 0:00,6.99,8/5/2023 0:01
1091279,8/5/2023 0:00,6.99,8/5/2023 0:01
1091291,8/5/2023 0:00,6.99,8/5/2023 0:01
1091330,8/5/2023 0:00,6.99,8/5/2023 0:01
1091347,8/5/2023 0:00,6.99,8/5/2023 0:01
1091402,8/5/2023 0:00,6.99,8/5/2023 0:01
1091511,8/5/2023 0:00,6.99,8/5/2023 0:02
1091599,8/5/2023 0:00,6.99,8/5/2023 0:02
1091609,8/5/2023 0:00,6.99,8/5/2023 0:02
1091711,8/5/2023 0:00,6.99,8/5/2023 0:03
1091735,8/5/2023 0:00,6.99,8/5/2023 0:03
1091771,8/5/2023 0:00,6.99,8/5/2023 0:03
1091798,8/5/2023 0:00,6.99,8/5/2023 0:03
1091791,8/5/2023 0:00,6.99,8/5/2023 0:03
1091792,8/5/2023 0:00,6.99,8/5/2023 0:03
1091851,8/5/2023 0:00,6.99,8/5/2023 0:03
1091875,8/5/2023 0:00,6.99,8/5/2023 0:03
1091873,8/5/2023 0:00,6.99,8/5/2023 0:03
1091874,8/5/2023 0:00,6.99,8/5/2023 0:03
1091891,8/5/2023 0:00,6.99,8/5/2023 0:03
1091893,8/5/2023 0:00,6.99,8/5/2023 0:03
1091901,8/5/2023 0:00,6.99,8/5/2023 0:04
1091944,8/5/2023 0:00,6.99,8/5/2023 0:04
1091976,8/5/2023 0:00,6.99,8/5/2023 0:04
1092034,8/5/2023 0:00,4.99,8/5/2023 0:04
1092046,8/5/2023 0:00,6.99,8/5/2023 0:04
1092081,8/5/2023 0:00,6.99,8/5/2023 0:04
1092086,8/5/2023 0:00,6.99,8/5/2023 0:04
1092137,8/5/2023 0:00,6.99,8/5/2023 0:05
1092232,8/5/2023 0:00,6.99,8/5/2023 0:05
1092231,8/5/2023 0:00,6.99,8/5/2023 0:05
1092254,8/5/2023 0:00,6.99,8/5/2023 0:05
1092256,8/5/2023 0:00,6.99,8/5/2023 0:05
1092268,8/5/2023 0:00,6.99,8/5/2023 0:05
1092281,8/5/2023 0:00,6.99,8/5/2023 0:05
1092325,8/5/2023 0:00,6.99,8/5/2023 0:05
1092355,8/5/2023 0:00,6.99,8/5/2023 0:05
1092398,8/5/2023 0:00,6.99,8/5/2023 0:06
1092409,8/5/2023 0:00,6.99,8/5/2023 0:06
1092813,8/5/2023 0:00,10,8/5/2023 2:06
1092797,8/5/2023 0:00,4.28,8/5/2023 0:56
1092799,8/5/2023 0:00,10,8/5/2023 0:57
1092844,8/5/2023 0:00,10,8/5/2023 14:20
1092872,8/5/2023 0:00,5.64,8/5/2023 20:25
1092801,8/5/2023 0:00,5.64,8/5/2023 1:05
1092796,8/5/2023 0:00,6.09,8/5/2023 0:48
1092795,8/5/2023 0:00,10,8/5/2023 0:42
1092808,8/5/2023 0:00,10,8/5/2023 1:51
1092821,8/5/2023 0:00,10,8/5/2023 4:18
1091722,8/5/2023 0:00,10,8/5/2023 0:03
1091919,8/5/2023 0:00,10,8/5/2023 0:04
1092798,8/5/2023 0:00,10,8/5/2023 0:57
1092802,8/5/2023 0:00,10,8/5/2023 1:08
1092803,8/5/2023 0:00,10,8/5/2023 1:20
1092804,8/5/2023 0:00,10,8/5/2023 1:21
1092845,8/5/2023 0:00,10,8/5/2023 14:25
1092809,8/5/2023 0:00,10,8/5/2023 1:51
1092810,8/5/2023 0:00,10,8/5/2023 1:52
1092811,8/5/2023 0:00,10,8/5/2023 1:53
1092816,8/5/2023 0:00,10,8/5/2023 2:52
1092817,8/5/2023 0:00,10,8/5/2023 2:54
1092818,8/5/2023 0:00,10,8/5/2023 3:08
1092825,8/5/2023 0:00,10,8/5/2023 5:51
1092839,8/5/2023 0:00,10,8/5/2023 12:34
1092842,8/5/2023 0:00,10,8/5/2023 13:16
1092846,8/5/2023 0:00,10,8/5/2023 14:26
1092855,8/5/2023 0:00,10,8/5/2023 16:08
1092858,8/5/2023 0:00,10,8/5/2023 16:49
1092865,8/5/2023 0:00,10,8/5/2023 18:45
1092869,8/5/2023 0:00,10,8/5/2023 19:55
1092880,8/5/2023 0:00,10,8/5/2023 21:29
1092875,8/5/2023 0:00,10,8/5/2023 20:59
1092888,8/5/2023 0:00,10,8/5/2023 22:28
1092890,8/5/2023 0:00,10,8/5/2023 23:08
1092891,8/5/2023 0:00,10,8/5/2023 23:11
1088867,8/4/2023 0:00,6.99,8/4/2023 0:00
1088915,8/4/2023 0:00,3,8/4/2023 0:00
1088922,8/4/2023 0:00,3,8/4/2023 0:00
1088946,8/4/2023 0:00,6.99,8/4/2023 0:00
1088935,8/4/2023 0:00,6.99,8/4/2023 0:00
1089037,8/4/2023 0:00,6.99,8/4/2023 0:01
1089031,8/4/2023 0:00,6.99,8/4/2023 0:01
1089040,8/4/2023 0:00,6.99,8/4/2023 0:01
1089044,8/4/2023 0:00,6.99,8/4/2023 0:01
1089049,8/4/2023 0:00,6.99,8/4/2023 0:01
1089135,8/4/2023 0:00,6.99,8/4/2023 0:01
1089129,8/4/2023 0:00,6.99,8/4/2023 0:01
1089193,8/4/2023 0:00,6.99,8/4/2023 0:01
1089323,8/4/2023 0:00,6.99,8/4/2023 0:01
1089643,8/4/2023 0:00,6.99,8/4/2023 0:01
1089654,8/4/2023 0:00,6.99,8/4/2023 0:01
1089689,8/4/2023 0:00,6.99,8/4/2023 0:01
1089693,8/4/2023 0:00,6.99,8/4/2023 0:01
1089762,8/4/2023 0:00,6.99,8/4/2023 0:02
1089757,8/4/2023 0:00,6.99,8/4/2023 0:02
1089900,8/4/2023 0:00,6.99,8/4/2023 0:02
1089944,8/4/2023 0:00,6.99,8/4/2023 0:02
1089946,8/4/2023 0:00,6.99,8/4/2023 0:02
1089976,8/4/2023 0:00,6.99,8/4/2023 0:02
1090129,8/4/2023 0:00,6.99,8/4/2023 0:02
1090147,8/4/2023 0:00,6.99,8/4/2023 0:02
1090161,8/4/2023 0:00,6.99,8/4/2023 0:02
1090178,8/4/2023 0:00,6.99,8/4/2023 0:02
1090230,8/4/2023 0:00,6.99,8/4/2023 0:02
1090334,8/4/2023 0:00,6.99,8/4/2023 0:02
1090354,8/4/2023 0:00,6.99,8/4/2023 0:02
1090360,8/4/2023 0:00,6.99,8/4/2023 0:02
1090369,8/4/2023 0:00,6.99,8/4/2023 0:02
1090371,8/4/2023 0:00,6.99,8/4/2023 0:02
1090404,8/4/2023 0:00,6.99,8/4/2023 0:02
1090414,8/4/2023 0:00,6.99,8/4/2023 0:02
1090432,8/4/2023 0:00,6.99,8/4/2023 0:03
1090460,8/4/2023 0:00,6.99,8/4/2023 0:03
1090465,8/4/2023 0:00,6.99,8/4/2023 0:03
1090470,8/4/2023 0:00,6.99,8/4/2023 0:03
1090485,8/4/2023 0:00,6.99,8/4/2023 0:03
1090490,8/4/2023 0:00,6.99,8/4/2023 0:03
1090513,8/4/2023 0:00,6.99,8/4/2023 0:03
1090499,8/4/2023 0:00,6.99,8/4/2023 0:03
1090507,8/4/2023 0:00,6.99,8/4/2023 0:03
1090698,8/4/2023 0:00,6.99,8/4/2023 0:03
1090730,8/4/2023 0:00,6.99,8/4/2023 0:03
1090888,8/4/2023 0:00,6.99,8/4/2023 0:03
1090893,8/4/2023 0:00,6.99,8/4/2023 0:03
1090415,8/4/2023 0:00,6.99,8/4/2023 0:02
1090821,8/4/2023 0:00,10,8/4/2023 0:03
1091017,8/4/2023 0:00,10,8/4/2023 18:54
1091033,8/4/2023 0:00,5.19,8/4/2023 21:43
1091040,8/4/2023 0:00,10,8/4/2023 23:22
1090977,8/4/2023 0:00,10,8/4/2023 0:30
1090978,8/4/2023 0:00,10,8/4/2023 0:42
1090984,8/4/2023 0:00,10,8/4/2023 1:36
1090990,8/4/2023 0:00,10,8/4/2023 3:21
1091007,8/4/2023 0:00,10,8/4/2023 14:17
1091010,8/4/2023 0:00,10,8/4/2023 15:36
1091011,8/4/2023 0:00,10,8/4/2023 15:45
1091012,8/4/2023 0:00,10,8/4/2023 15:48
1091013,8/4/2023 0:00,10,8/4/2023 15:57
1091015,8/4/2023 0:00,10,8/4/2023 17:23
1091016,8/4/2023 0:00,10,8/4/2023 18:18
1091019,8/4/2023 0:00,10,8/4/2023 18:55
1091023,8/4/2023 0:00,10,8/4/2023 20:16
1091025,8/4/2023 0:00,4.99,8/4/2023 20:43
1091034,8/4/2023 0:00,10,8/4/2023 21:56
1091036,8/4/2023 0:00,10,8/4/2023 22:49
1091042,8/4/2023 0:00,10,8/4/2023 23:51
1078202,8/3/2023 0:00,3,8/3/2023 0:01
1078352,8/3/2023 0:00,6.99,8/3/2023 0:01
1078406,8/3/2023 0:00,6.99,8/3/2023 0:01
1078465,8/3/2023 0:00,6.99,8/3/2023 0:01
1078508,8/3/2023 0:00,6.99,8/3/2023 0:01
1078514,8/3/2023 0:00,6.99,8/3/2023 0:01
1078582,8/3/2023 0:00,6.99,8/3/2023 0:01
1078586,8/3/2023 0:00,6.99,8/3/2023 0:01
1078722,8/3/2023 0:00,6.99,8/3/2023 0:02
1078741,8/3/2023 0:00,6.99,8/3/2023 0:02
1078833,8/3/2023 0:00,6.99,8/3/2023 0:02
1078865,8/3/2023 0:00,6.99,8/3/2023 0:02
1079015,8/3/2023 0:00,6.99,8/3/2023 0:02
1079075,8/3/2023 0:00,6.99,8/3/2023 0:02
1079152,8/3/2023 0:00,6.99,8/3/2023 0:02
1079195,8/3/2023 0:00,6.99,8/3/2023 0:02
1079197,8/3/2023 0:00,6.99,8/3/2023 0:02
1079232,8/3/2023 0:00,6.99,8/3/2023 0:02
1079319,8/3/2023 0:00,6.99,8/3/2023 0:03
1079379,8/3/2023 0:00,6.99,8/3/2023 0:03
1079552,8/3/2023 0:00,6.99,8/3/2023 0:03
1081160,8/3/2023 0:00,6.99,8/3/2023 0:07
1085401,8/3/2023 0:00,6.99,8/3/2023 0:11
1087514,8/3/2023 0:00,6.99,8/3/2023 0:12
1087589,8/3/2023 0:00,6.99,8/3/2023 0:13
1087585,8/3/2023 0:00,6.99,8/3/2023 0:13
1087584,8/3/2023 0:00,6.99,8/3/2023 0:13
1087588,8/3/2023 0:00,6.99,8/3/2023 0:13
1087648,8/3/2023 0:00,6.99,8/3/2023 0:13
1087652,8/3/2023 0:00,6.99,8/3/2023 0:13
1087656,8/3/2023 0:00,6.99,8/3/2023 0:13
1087636,8/3/2023 0:00,6.99,8/3/2023 0:13
1087708,8/3/2023 0:00,6.99,8/3/2023 0:13
1087704,8/3/2023 0:00,6.99,8/3/2023 0:13
1087724,8/3/2023 0:00,6.99,8/3/2023 0:13
1087721,8/3/2023 0:00,6.99,8/3/2023 0:13
1087726,8/3/2023 0:00,6.99,8/3/2023 0:13
1087733,8/3/2023 0:00,6.99,8/3/2023 0:13
1087745,8/3/2023 0:00,6.99,8/3/2023 0:13
1087753,8/3/2023 0:00,6.99,8/3/2023 0:13
1087768,8/3/2023 0:00,6.99,8/3/2023 0:13
1087780,8/3/2023 0:00,6.99,8/3/2023 0:13
1087829,8/3/2023 0:00,6.99,8/3/2023 0:13
1087891,8/3/2023 0:00,6.99,8/3/2023 0:13
1087905,8/3/2023 0:00,6.99,8/3/2023 0:13
1087941,8/3/2023 0:00,6.99,8/3/2023 0:13
1087940,8/3/2023 0:00,6.99,8/3/2023 0:13
1087954,8/3/2023 0:00,6.99,8/3/2023 0:13
1088021,8/3/2023 0:00,6.99,8/3/2023 0:13
1088051,8/3/2023 0:00,6.99,8/3/2023 0:13
1088067,8/3/2023 0:00,6.99,8/3/2023 0:13
1088104,8/3/2023 0:00,6.99,8/3/2023 0:13
1088202,8/3/2023 0:00,6.99,8/3/2023 0:13
1088249,8/3/2023 0:00,6.99,8/3/2023 0:13
1088274,8/3/2023 0:00,6.99,8/3/2023 0:13
1088272,8/3/2023 0:00,6.99,8/3/2023 0:13
1088292,8/3/2023 0:00,6.99,8/3/2023 0:13
1088333,8/3/2023 0:00,6.99,8/3/2023 0:13
1088358,8/3/2023 0:00,6.99,8/3/2023 0:13
1088417,8/3/2023 0:00,6.99,8/3/2023 0:13
1088453,8/3/2023 0:00,6.99,8/3/2023 0:14
1088561,8/3/2023 0:00,6.99,8/3/2023 0:14
1079303,8/3/2023 0:00,6.99,8/3/2023 0:03
1088767,8/3/2023 0:00,10,8/3/2023 21:41
1088715,8/3/2023 0:00,6.31,8/3/2023 1:22
1088714,8/3/2023 0:00,10,8/3/2023 1:02
1088718,8/3/2023 0:00,10,8/3/2023 3:33
1088719,8/3/2023 0:00,10,8/3/2023 3:42
1088722,8/3/2023 0:00,10,8/3/2023 6:01
1088729,8/3/2023 0:00,10,8/3/2023 8:19
1088734,8/3/2023 0:00,10,8/3/2023 13:38
1088741,8/3/2023 0:00,10,8/3/2023 14:54
1088759,8/3/2023 0:00,10,8/3/2023 18:09
1088764,8/3/2023 0:00,10,8/3/2023 21:02
1088778,8/3/2023 0:00,10,8/3/2023 23:27
1088777,8/3/2023 0:00,10,8/3/2023 23:15
1088780,8/3/2023 0:00,10,8/3/2023 23:32
1088782,8/3/2023 0:00,10,8/3/2023 23:45
1088784,8/3/2023 0:00,10,8/3/2023 23:55
1046437,8/2/2023 0:00,6.99,8/2/2023 0:01
1046462,8/2/2023 0:00,6.99,8/2/2023 0:01
1046471,8/2/2023 0:00,6.99,8/2/2023 0:01
1046496,8/2/2023 0:00,6.99,8/2/2023 0:01
1046540,8/2/2023 0:00,6.99,8/2/2023 0:01
1046550,8/2/2023 0:00,6.99,8/2/2023 0:01
1046552,8/2/2023 0:00,6.99,8/2/2023 0:01
1046599,8/2/2023 0:00,6.99,8/2/2023 0:01
1046597,8/2/2023 0:00,6.99,8/2/2023 0:01
1046681,8/2/2023 0:00,6.99,8/2/2023 0:01
1046739,8/2/2023 0:00,6.99,8/2/2023 0:01
1046737,8/2/2023 0:00,6.99,8/2/2023 0:01
1046821,8/2/2023 0:00,6.99,8/2/2023 0:01
1046891,8/2/2023 0:00,6.99,8/2/2023 0:01
1046974,8/2/2023 0:00,6.99,8/2/2023 0:01
1046997,8/2/2023 0:00,6.99,8/2/2023 0:01
1077004,8/2/2023 0:00,6.99,8/2/2023 0:35
1077060,8/2/2023 0:00,6.99,8/2/2023 0:36
1077096,8/2/2023 0:00,6.99,8/2/2023 0:36
1077061,8/2/2023 0:00,6.99,8/2/2023 0:36
1077128,8/2/2023 0:00,6.99,8/2/2023 0:36
1077139,8/2/2023 0:00,6.99,8/2/2023 0:36
1077175,8/2/2023 0:00,6.99,8/2/2023 0:36
1077197,8/2/2023 0:00,6.99,8/2/2023 0:36
1077243,8/2/2023 0:00,6.99,8/2/2023 0:36
1077314,8/2/2023 0:00,6.99,8/2/2023 0:36
1077469,8/2/2023 0:00,6.99,8/2/2023 0:36
1077662,8/2/2023 0:00,6.99,8/2/2023 0:36
1077782,8/2/2023 0:00,6.54,8/2/2023 18:43
1077742,8/2/2023 0:00,10,8/2/2023 4:01
1046252,8/2/2023 0:00,10,8/2/2023 0:00
1046527,8/2/2023 0:00,10,8/2/2023 0:01
1077729,8/2/2023 0:00,10,8/2/2023 0:52
1077734,8/2/2023 0:00,10,8/2/2023 1:33
1077738,8/2/2023 0:00,10,8/2/2023 2:40
1077743,8/2/2023 0:00,10,8/2/2023 4:46
1077745,8/2/2023 0:00,10,8/2/2023 6:49
1077768,8/2/2023 0:00,10,8/2/2023 14:10
1077771,8/2/2023 0:00,10,8/2/2023 16:27
1077779,8/2/2023 0:00,10,8/2/2023 17:33
1077780,8/2/2023 0:00,10,8/2/2023 17:58
1077783,8/2/2023 0:00,10,8/2/2023 18:44
1077784,8/2/2023 0:00,10,8/2/2023 18:45
1077785,8/2/2023 0:00,10,8/2/2023 19:57
1077791,8/2/2023 0:00,10,8/2/2023 21:33
1077797,8/2/2023 0:00,10,8/2/2023 23:34
1044019,8/1/2023 0:00,11.99,8/1/2023 0:01
1044052,8/1/2023 0:00,6.99,8/1/2023 0:02
1044097,8/1/2023 0:00,3,8/1/2023 0:02
1044099,8/1/2023 0:00,3,8/1/2023 0:02
1044115,8/1/2023 0:00,6.99,8/1/2023 0:02
1044118,8/1/2023 0:00,6.99,8/1/2023 0:02
1044127,8/1/2023 0:00,6.99,8/1/2023 0:02
1044224,8/1/2023 0:00,6.99,8/1/2023 0:03
1044231,8/1/2023 0:00,6.99,8/1/2023 0:03
1044461,8/1/2023 0:00,6.99,8/1/2023 0:05
1044466,8/1/2023 0:00,6.99,8/1/2023 0:05
1044473,8/1/2023 0:00,6.99,8/1/2023 0:05
1044486,8/1/2023 0:00,6.99,8/1/2023 0:05
1044513,8/1/2023 0:00,6.99,8/1/2023 0:05
1044542,8/1/2023 0:00,6.99,8/1/2023 0:05
1044550,8/1/2023 0:00,6.99,8/1/2023 0:05
1044614,8/1/2023 0:00,6.99,8/1/2023 0:06
1044640,8/1/2023 0:00,6.99,8/1/2023 0:06
1044673,8/1/2023 0:00,6.99,8/1/2023 0:07
1044677,8/1/2023 0:00,6.99,8/1/2023 0:07
1044691,8/1/2023 0:00,6.99,8/1/2023 0:07
1044694,8/1/2023 0:00,6.99,8/1/2023 0:07
1044745,8/1/2023 0:00,6.99,8/1/2023 0:07
1044780,8/1/2023 0:00,6.99,8/1/2023 0:07
1044792,8/1/2023 0:00,6.99,8/1/2023 0:07
1044799,8/1/2023 0:00,6.99,8/1/2023 0:07
1044842,8/1/2023 0:00,6.99,8/1/2023 0:08
1044885,8/1/2023 0:00,6.99,8/1/2023 0:08
1044975,8/1/2023 0:00,6.99,8/1/2023 0:08
1045028,8/1/2023 0:00,6.99,8/1/2023 0:08
1045237,8/1/2023 0:00,6.99,8/1/2023 0:09
1045301,8/1/2023 0:00,6.99,8/1/2023 0:09
1045313,8/1/2023 0:00,6.99,8/1/2023 0:09
1045288,8/1/2023 0:00,6.99,8/1/2023 0:09
1045304,8/1/2023 0:00,6.99,8/1/2023 0:09
1045337,8/1/2023 0:00,6.99,8/1/2023 0:09
1045375,8/1/2023 0:00,6.99,8/1/2023 0:09
1045410,8/1/2023 0:00,6.99,8/1/2023 0:09
1045511,8/1/2023 0:00,6.99,8/1/2023 0:09
1045601,8/1/2023 0:00,6.99,8/1/2023 0:09
1045679,8/1/2023 0:00,6.99,8/1/2023 0:10
1045866,8/1/2023 0:00,6.99,8/1/2023 0:10
1046161,8/1/2023 0:00,5,8/1/2023 12:05
1046237,8/1/2023 0:00,10,8/1/2023 21:32
1046147,8/1/2023 0:00,5,8/1/2023 6:08
1046137,8/1/2023 0:00,5,8/1/2023 4:26
1046132,8/1/2023 0:00,5,8/1/2023 3:43
1046093,8/1/2023 0:00,5,8/1/2023 0:16
1046096,8/1/2023 0:00,5,8/1/2023 0:20
1046110,8/1/2023 0:00,5,8/1/2023 2:02
1044427,8/1/2023 0:00,5,8/1/2023 0:04
1046141,8/1/2023 0:00,5,8/1/2023 5:01
1046131,8/1/2023 0:00,5,8/1/2023 3:30
1046099,8/1/2023 0:00,5,8/1/2023 0:33
1046101,8/1/2023 0:00,5,8/1/2023 0:56
1046241,8/1/2023 0:00,10,8/1/2023 22:32
1046121,8/1/2023 0:00,29.99,8/1/2023 2:39
1046157,8/1/2023 0:00,5,8/1/2023 11:49
1046251,8/1/2023 0:00,29.99,8/1/2023 23:57
1046144,8/1/2023 0:00,5,8/1/2023 5:22
1046130,8/1/2023 0:00,5,8/1/2023 3:23
1046095,8/1/2023 0:00,5,8/1/2023 0:18
1046118,8/1/2023 0:00,5,8/1/2023 2:34
1046116,8/1/2023 0:00,5,8/1/2023 2:28
1046156,8/1/2023 0:00,5,8/1/2023 11:14
1046103,8/1/2023 0:00,5,8/1/2023 0:58
1046065,8/1/2023 0:00,5,8/1/2023 0:11
1046115,8/1/2023 0:00,5,8/1/2023 2:28
1046094,8/1/2023 0:00,5,8/1/2023 0:18
1046098,8/1/2023 0:00,5,8/1/2023 0:21
1046097,8/1/2023 0:00,5,8/1/2023 0:20
1046100,8/1/2023 0:00,5,8/1/2023 0:54
1046105,8/1/2023 0:00,5,8/1/2023 1:20
1046108,8/1/2023 0:00,5,8/1/2023 1:58
1046111,8/1/2023 0:00,5,8/1/2023 2:04
1046114,8/1/2023 0:00,5,8/1/2023 2:11
1046117,8/1/2023 0:00,5,8/1/2023 2:30
1046119,8/1/2023 0:00,5,8/1/2023 2:34
1046120,8/1/2023 0:00,5,8/1/2023 2:35
1046126,8/1/2023 0:00,5,8/1/2023 3:13
1046122,8/1/2023 0:00,5,8/1/2023 3:05
1046123,8/1/2023 0:00,5,8/1/2023 3:05
1046125,8/1/2023 0:00,5,8/1/2023 3:09
1046127,8/1/2023 0:00,5,8/1/2023 3:13
1046128,8/1/2023 0:00,5,8/1/2023 3:15
1046129,8/1/2023 0:00,5,8/1/2023 3:21
1046135,8/1/2023 0:00,5,8/1/2023 4:08
1046138,8/1/2023 0:00,5,8/1/2023 4:57
1046139,8/1/2023 0:00,5,8/1/2023 4:57
1046142,8/1/2023 0:00,5,8/1/2023 5:04
1046148,8/1/2023 0:00,5,8/1/2023 6:47
1046154,8/1/2023 0:00,5,8/1/2023 10:43
1046158,8/1/2023 0:00,5,8/1/2023 11:52
1046159,8/1/2023 0:00,5,8/1/2023 11:53
1046164,8/1/2023 0:00,5,8/1/2023 12:43
1046171,8/1/2023 0:00,5,8/1/2023 13:08
1046172,8/1/2023 0:00,5,8/1/2023 13:09
1046173,8/1/2023 0:00,5,8/1/2023 13:11
1046175,8/1/2023 0:00,5,8/1/2023 13:22
1046183,8/1/2023 0:00,5,8/1/2023 13:49
1046187,8/1/2023 0:00,6.99,8/1/2023 14:14
1046189,8/1/2023 0:00,5,8/1/2023 14:17
1046191,8/1/2023 0:00,5,8/1/2023 14:32
1046201,8/1/2023 0:00,10,8/1/2023 16:19
1046211,8/1/2023 0:00,10,8/1/2023 17:40
1046217,8/1/2023 0:00,10,8/1/2023 18:02
1046228,8/1/2023 0:00,10,8/1/2023 19:42
1046230,8/1/2023 0:00,10,8/1/2023 20:03
1046231,8/1/2023 0:00,10,8/1/2023 20:04
1046233,8/1/2023 0:00,10,8/1/2023 20:27
1046240,8/1/2023 0:00,10,8/1/2023 22:21
1046242,8/1/2023 0:00,10,8/1/2023 22:32
1046243,8/1/2023 0:00,10,8/1/2023 22:36
1046247,8/1/2023 0:00,10,8/1/2023 23:02
1046249,8/1/2023 0:00,10,8/1/2023 23:40
1040646,7/31/2023 0:00,3,7/31/2023 0:00
1040753,7/31/2023 0:00,6.99,7/31/2023 0:01
1040796,7/31/2023 0:00,6.99,7/31/2023 0:01
1040803,7/31/2023 0:00,6.99,7/31/2023 0:01
1040851,7/31/2023 0:00,6.99,7/31/2023 0:01
1040888,7/31/2023 0:00,6.99,7/31/2023 0:01
1040882,7/31/2023 0:00,6.99,7/31/2023 0:01
1040930,7/31/2023 0:00,6.99,7/31/2023 0:01
1040979,7/31/2023 0:00,6.99,7/31/2023 0:01
1040993,7/31/2023 0:00,6.99,7/31/2023 0:01
1040996,7/31/2023 0:00,6.99,7/31/2023 0:01
1041040,7/31/2023 0:00,6.99,7/31/2023 0:01
1041050,7/31/2023 0:00,6.99,7/31/2023 0:01
1041114,7/31/2023 0:00,6.99,7/31/2023 0:01
1041211,7/31/2023 0:00,6.99,7/31/2023 0:01
1041178,7/31/2023 0:00,6.99,7/31/2023 0:01
1041236,7/31/2023 0:00,6.99,7/31/2023 0:01
1041229,7/31/2023 0:00,6.99,7/31/2023 0:01
1041316,7/31/2023 0:00,6.99,7/31/2023 0:01
1041353,7/31/2023 0:00,6.99,7/31/2023 0:01
1041355,7/31/2023 0:00,6.99,7/31/2023 0:01
1041365,7/31/2023 0:00,6.99,7/31/2023 0:01
1041472,7/31/2023 0:00,6.99,7/31/2023 0:01
1041491,7/31/2023 0:00,6.99,7/31/2023 0:01
1041579,7/31/2023 0:00,6.99,7/31/2023 0:01
1041531,7/31/2023 0:00,6.99,7/31/2023 0:01
1041596,7/31/2023 0:00,6.99,7/31/2023 0:01
1041652,7/31/2023 0:00,6.99,7/31/2023 0:02
1041658,7/31/2023 0:00,6.99,7/31/2023 0:02
1041685,7/31/2023 0:00,6.99,7/31/2023 0:02
1041694,7/31/2023 0:00,6.99,7/31/2023 0:02
1041714,7/31/2023 0:00,6.99,7/31/2023 0:02
1041748,7/31/2023 0:00,6.99,7/31/2023 0:02
1041790,7/31/2023 0:00,6.99,7/31/2023 0:02
1041805,7/31/2023 0:00,6.99,7/31/2023 0:02
1041816,7/31/2023 0:00,6.99,7/31/2023 0:02
1041829,7/31/2023 0:00,6.99,7/31/2023 0:02
1041830,7/31/2023 0:00,6.99,7/31/2023 0:02
1041861,7/31/2023 0:00,6.99,7/31/2023 0:02
1041866,7/31/2023 0:00,6.99,7/31/2023 0:02
1041882,7/31/2023 0:00,6.99,7/31/2023 0:02
1041884,7/31/2023 0:00,6.99,7/31/2023 0:02
1041915,7/31/2023 0:00,6.99,7/31/2023 0:02
1041965,7/31/2023 0:00,6.99,7/31/2023 0:03
1042044,7/31/2023 0:00,6.99,7/31/2023 0:03
1042063,7/31/2023 0:00,6.99,7/31/2023 0:03
1042110,7/31/2023 0:00,6.99,7/31/2023 0:04
1042137,7/31/2023 0:00,6.99,7/31/2023 0:04
1042144,7/31/2023 0:00,6.99,7/31/2023 0:04
1042145,7/31/2023 0:00,6.99,7/31/2023 0:04
1042206,7/31/2023 0:00,6.99,7/31/2023 0:04
1042255,7/31/2023 0:00,6.99,7/31/2023 0:04
1042309,7/31/2023 0:00,6.99,7/31/2023 0:04
1042450,7/31/2023 0:00,6.99,7/31/2023 0:04
1042470,7/31/2023 0:00,6.99,7/31/2023 0:04
1042475,7/31/2023 0:00,6.99,7/31/2023 0:04
1042530,7/31/2023 0:00,6.99,7/31/2023 0:04
1042571,7/31/2023 0:00,6.99,7/31/2023 0:04
1042669,7/31/2023 0:00,6.99,7/31/2023 0:05
1042692,7/31/2023 0:00,6.99,7/31/2023 0:05
1042732,7/31/2023 0:00,6.99,7/31/2023 0:05
1042730,7/31/2023 0:00,6.99,7/31/2023 0:05
1042744,7/31/2023 0:00,6.99,7/31/2023 0:05
1042715,7/31/2023 0:00,6.99,7/31/2023 0:05
1042776,7/31/2023 0:00,6.99,7/31/2023 0:05
1042791,7/31/2023 0:00,6.99,7/31/2023 0:05
1042802,7/31/2023 0:00,6.99,7/31/2023 0:05
1042853,7/31/2023 0:00,6.99,7/31/2023 0:05
1042868,7/31/2023 0:00,6.99,7/31/2023 0:05
1042943,7/31/2023 0:00,6.99,7/31/2023 0:05
1042969,7/31/2023 0:00,6.99,7/31/2023 0:05
1042999,7/31/2023 0:00,6.99,7/31/2023 0:05
1042952,7/31/2023 0:00,6.99,7/31/2023 0:05
1042956,7/31/2023 0:00,6.99,7/31/2023 0:05
1042977,7/31/2023 0:00,6.99,7/31/2023 0:05
1043038,7/31/2023 0:00,6.99,7/31/2023 0:05
1043030,7/31/2023 0:00,6.99,7/31/2023 0:05
1043074,7/31/2023 0:00,6.99,7/31/2023 0:05
1043101,7/31/2023 0:00,6.99,7/31/2023 0:05
1043102,7/31/2023 0:00,6.99,7/31/2023 0:05
1043137,7/31/2023 0:00,6.99,7/31/2023 0:05
1043144,7/31/2023 0:00,6.99,7/31/2023 0:05
1043134,7/31/2023 0:00,6.99,7/31/2023 0:05
1043195,7/31/2023 0:00,6.99,7/31/2023 0:05
1043207,7/31/2023 0:00,6.99,7/31/2023 0:05
1043242,7/31/2023 0:00,6.99,7/31/2023 0:05
1043252,7/31/2023 0:00,6.99,7/31/2023 0:05
1043281,7/31/2023 0:00,6.99,7/31/2023 0:05
1043301,7/31/2023 0:00,6.99,7/31/2023 0:05
1043311,7/31/2023 0:00,6.99,7/31/2023 0:05
1043335,7/31/2023 0:00,6.99,7/31/2023 0:05
1043337,7/31/2023 0:00,6.99,7/31/2023 0:05
1043357,7/31/2023 0:00,6.99,7/31/2023 0:05
1043353,7/31/2023 0:00,6.99,7/31/2023 0:05
1043365,7/31/2023 0:00,6.99,7/31/2023 0:05
1043411,7/31/2023 0:00,6.99,7/31/2023 0:05
1043415,7/31/2023 0:00,6.99,7/31/2023 0:05
1043454,7/31/2023 0:00,6.99,7/31/2023 0:05
1043481,7/31/2023 0:00,6.99,7/31/2023 0:05
1043474,7/31/2023 0:00,6.99,7/31/2023 0:05
1043473,7/31/2023 0:00,6.99,7/31/2023 0:05
1043524,7/31/2023 0:00,6.99,7/31/2023 0:06
1043522,7/31/2023 0:00,6.99,7/31/2023 0:06
1043543,7/31/2023 0:00,6.99,7/31/2023 0:06
1043573,7/31/2023 0:00,6.99,7/31/2023 0:06
1043562,7/31/2023 0:00,6.99,7/31/2023 0:06
1043595,7/31/2023 0:00,6.99,7/31/2023 0:06
1043604,7/31/2023 0:00,6.99,7/31/2023 0:06
1043648,7/31/2023 0:00,6.99,7/31/2023 0:06
1043683,7/31/2023 0:00,6.99,7/31/2023 0:06
1043739,7/31/2023 0:00,6.99,7/31/2023 0:06
1043738,7/31/2023 0:00,6.99,7/31/2023 0:06
1043737,7/31/2023 0:00,6.99,7/31/2023 0:06
1043744,7/31/2023 0:00,3.99,7/31/2023 0:06
1043753,7/31/2023 0:00,6.99,7/31/2023 0:06
1043783,7/31/2023 0:00,6.99,7/31/2023 0:06
1043796,7/31/2023 0:00,6.99,7/31/2023 0:06
1043826,7/31/2023 0:00,6.99,7/31/2023 0:06
1043937,7/31/2023 0:00,5,7/31/2023 17:12
1043861,7/31/2023 0:00,5,7/31/2023 2:20
1043856,7/31/2023 0:00,5,7/31/2023 2:01
1043872,7/31/2023 0:00,5,7/31/2023 6:20
1043972,7/31/2023 0:00,5,7/31/2023 21:38
1044008,7/31/2023 0:00,5,7/31/2023 23:06
1043995,7/31/2023 0:00,5,7/31/2023 22:29
1044011,7/31/2023 0:00,5,7/31/2023 23:11
1043970,7/31/2023 0:00,5,7/31/2023 21:33
1043968,7/31/2023 0:00,5,7/31/2023 21:32
1044014,7/31/2023 0:00,5,7/31/2023 23:33
1043994,7/31/2023 0:00,5,7/31/2023 22:21
1043978,7/31/2023 0:00,5,7/31/2023 21:49
1043976,7/31/2023 0:00,5,7/31/2023 21:47
1043999,7/31/2023 0:00,5,7/31/2023 22:44
1043992,7/31/2023 0:00,5,7/31/2023 22:20
1043966,7/31/2023 0:00,5,7/31/2023 21:26
1044016,7/31/2023 0:00,5,7/31/2023 23:42
1043986,7/31/2023 0:00,5,7/31/2023 22:07
1043983,7/31/2023 0:00,5,7/31/2023 21:58
1043857,7/31/2023 0:00,5,7/31/2023 2:05
1043864,7/31/2023 0:00,5,7/31/2023 4:06
1044009,7/31/2023 0:00,5,7/31/2023 23:07
1043988,7/31/2023 0:00,5,7/31/2023 22:08
1043846,7/31/2023 0:00,29.99,7/31/2023 0:35
1043852,7/31/2023 0:00,5,7/31/2023 1:23
1043843,7/31/2023 0:00,5,7/31/2023 0:14
1043844,7/31/2023 0:00,5,7/31/2023 0:17
1043845,7/31/2023 0:00,5,7/31/2023 0:32
1043850,7/31/2023 0:00,5,7/31/2023 0:47
1043851,7/31/2023 0:00,5,7/31/2023 0:51
1043853,7/31/2023 0:00,5,7/31/2023 1:24
1043854,7/31/2023 0:00,5,7/31/2023 1:28
1043855,7/31/2023 0:00,5,7/31/2023 1:42
1043860,7/31/2023 0:00,4.99,7/31/2023 2:15
1043862,7/31/2023 0:00,5,7/31/2023 2:24
1043863,7/31/2023 0:00,5,7/31/2023 3:05
1043867,7/31/2023 0:00,5,7/31/2023 4:37
1043868,7/31/2023 0:00,5,7/31/2023 5:14
1043869,7/31/2023 0:00,5,7/31/2023 5:37
1043870,7/31/2023 0:00,5,7/31/2023 5:42
1043873,7/31/2023 0:00,5,7/31/2023 6:35
1043880,7/31/2023 0:00,5,7/31/2023 6:56
1043912,7/31/2023 0:00,5,7/31/2023 13:18
1043914,7/31/2023 0:00,5,7/31/2023 13:24
1043921,7/31/2023 0:00,5,7/31/2023 14:07
1043922,7/31/2023 0:00,5,7/31/2023 14:21
1043925,7/31/2023 0:00,5,7/31/2023 15:11
1043927,7/31/2023 0:00,5,7/31/2023 15:27
1043930,7/31/2023 0:00,5,7/31/2023 15:40
1043935,7/31/2023 0:00,5,7/31/2023 17:07
1043939,7/31/2023 0:00,5,7/31/2023 17:20
1043940,7/31/2023 0:00,5,7/31/2023 17:39
1043942,7/31/2023 0:00,5,7/31/2023 17:48
1043951,7/31/2023 0:00,5,7/31/2023 18:47
1043952,7/31/2023 0:00,5,7/31/2023 18:50
1043954,7/31/2023 0:00,5,7/31/2023 19:37
1043955,7/31/2023 0:00,5,7/31/2023 19:52
1043959,7/31/2023 0:00,5,7/31/2023 20:16
1043961,7/31/2023 0:00,5,7/31/2023 20:20
1043963,7/31/2023 0:00,5,7/31/2023 20:28
1043967,7/31/2023 0:00,5,7/31/2023 21:29
1043969,7/31/2023 0:00,5,7/31/2023 21:32
1043971,7/31/2023 0:00,5,7/31/2023 21:35
1043975,7/31/2023 0:00,5,7/31/2023 21:46
1043977,7/31/2023 0:00,5,7/31/2023 21:48
1043980,7/31/2023 0:00,5,7/31/2023 21:55
1043982,7/31/2023 0:00,5,7/31/2023 21:57
1043987,7/31/2023 0:00,5,7/31/2023 22:07
1043989,7/31/2023 0:00,5,7/31/2023 22:09
1043990,7/31/2023 0:00,5,7/31/2023 22:10
1043991,7/31/2023 0:00,5,7/31/2023 22:10
1043993,7/31/2023 0:00,5,7/31/2023 22:20
1043996,7/31/2023 0:00,5,7/31/2023 22:29
1044000,7/31/2023 0:00,5,7/31/2023 22:51
1044001,7/31/2023 0:00,5,7/31/2023 22:52
1044003,7/31/2023 0:00,5,7/31/2023 22:58
1044006,7/31/2023 0:00,5,7/31/2023 23:02
1044007,7/31/2023 0:00,5,7/31/2023 23:03
1044010,7/31/2023 0:00,5,7/31/2023 23:09
1044012,7/31/2023 0:00,5,7/31/2023 23:17
1044015,7/31/2023 0:00,5,7/31/2023 23:34
1044017,7/31/2023 0:00,5,7/31/2023 23:58
